region_code,order_date,daily_revenue,running_total
CENTRAL,2025-01-06,161906.89,161906.89
CENTRAL,2025-01-07,314004.78,475911.66
CENTRAL,2025-01-08,144126.3,620037.97
CENTRAL,2025-01-10,184197.04,804235.01
CENTRAL,2025-01-13,101684.23,905919.24
CENTRAL,2025-01-16,196079.85,1101999.09
CENTRAL,2025-01-17,265871.42,1367870.51
CENTRAL,2025-01-21,81611.5,1449482.01
CENTRAL,2025-01-27,11983.99,1461466.0
CENTRAL,2025-02-02,165268.8,1626734.79
CENTRAL,2025-02-07,46231.77,1672966.56
CENTRAL,2025-02-08,-14820.83,1658145.73
CENTRAL,2025-02-10,29870.85,1688016.58
CENTRAL,2025-02-13,196273.08,1884289.67
CENTRAL,2025-02-17,130291.42,2014581.09
CENTRAL,2025-02-19,326505.04,2341086.13
CENTRAL,2025-02-25,170663.58,2511749.71
CENTRAL,2025-02-27,112971.84,2624721.55
CENTRAL,2025-03-02,128728.7,2753450.25
CENTRAL,2025-03-07,279970.94,3033421.19
CENTRAL,2025-03-14,27738.11,3061159.3
CENTRAL,2025-03-16,248224.31,3309383.61
CENTRAL,2025-03-18,423959.56,3733343.17
CENTRAL,2025-03-20,132585.42,3865928.59
CENTRAL,2025-03-21,158502.48,4024431.07
CENTRAL,2025-03-28,319622.11,4344053.18
CENTRAL,2025-03-29,230937.85,4574991.02
CENTRAL,2025-04-02,108355.64,4683346.67
CENTRAL,2025-04-04,5282.25,4688628.92
CENTRAL,2025-04-06,5500.92,4694129.84
CENTRAL,2025-04-08,558051.34,5252181.18
CENTRAL,2025-04-09,131953.47,5384134.65
CENTRAL,2025-04-10,251830.85,5635965.49
CENTRAL,2025-04-13,191096.91,5827062.41
CENTRAL,2025-04-15,219026.98,6046089.39
CENTRAL,2025-04-20,287703.12,6333792.51
CENTRAL,2025-04-22,91442.11,6425234.62
CENTRAL,2025-04-23,344432.22,6769666.83
CENTRAL,2025-04-24,144964.51,6914631.35
CENTRAL,2025-05-01,33619.47,6948250.82
CENTRAL,2025-05-02,125503.46,7073754.28
CENTRAL,2025-05-03,13747.02,7087501.3
CENTRAL,2025-05-05,652150.68,7739651.97
CENTRAL,2025-05-07,100865.44,7840517.41
CENTRAL,2025-05-09,272067.58,8112584.99
CENTRAL,2025-05-12,291032.9,8403617.89
CENTRAL,2025-05-19,378903.88,8782521.77
CENTRAL,2025-05-21,223481.47,9006003.25
CENTRAL,2025-05-22,490806.04,9496809.28
CENTRAL,2025-05-26,459873.3,9956682.58
CENTRAL,2025-05-27,286111.55,10242794.13
CENTRAL,2025-06-02,407679.61,10650473.74
CENTRAL,2025-06-05,57093.96,10707567.7
CENTRAL,2025-06-06,111481.91,10819049.61
CENTRAL,2025-06-07,157964.86,10977014.47
CENTRAL,2025-06-15,96630.36,11073644.83
CENTRAL,2025-06-16,5068.69,11078713.52
CENTRAL,2025-06-23,21266.0,11099979.52
CENTRAL,2025-06-27,66612.97,11166592.49
CENTRAL,2025-07-04,498290.34,11664882.84
CENTRAL,2025-07-05,243759.28,11908642.12
CENTRAL,2025-07-07,152666.57,12061308.69
CENTRAL,2025-07-11,66853.12,12128161.82
CENTRAL,2025-07-15,191469.69,12319631.5
CENTRAL,2025-07-16,257206.3,12576837.81
CENTRAL,2025-07-17,543514.04,13120351.85
CENTRAL,2025-07-24,124228.0,13244579.85
CENTRAL,2025-07-26,388151.48,13632731.33
CENTRAL,2025-07-30,-80703.24,13552028.09
CENTRAL,2025-08-05,285537.61,13837565.7
CENTRAL,2025-08-06,94835.32,13932401.02
CENTRAL,2025-08-08,219708.34,14152109.36
CENTRAL,2025-08-09,240586.8,14392696.15
CENTRAL,2025-08-12,69622.58,14462318.73
CENTRAL,2025-08-13,406280.24,14868598.97
CENTRAL,2025-08-14,240184.01,15108782.98
CENTRAL,2025-08-15,15813.65,15124596.63
CENTRAL,2025-08-19,93074.97,15217671.6
CENTRAL,2025-08-24,8633.53,15226305.13
CENTRAL,2025-08-25,159850.15,15386155.28
CENTRAL,2025-08-28,93212.1,15479367.38
CENTRAL,2025-08-30,300743.79,15780111.17
CENTRAL,2025-08-31,151003.71,15931114.87
CENTRAL,2025-09-06,58723.33,15989838.2
CENTRAL,2025-09-08,61231.35,16051069.55
CENTRAL,2025-09-09,463609.04,16514678.59
CENTRAL,2025-09-10,64209.07,16578887.66
CENTRAL,2025-09-11,167854.6,16746742.27
CENTRAL,2025-09-17,115879.48,16862621.75
CENTRAL,2025-09-22,153111.16,17015732.91
CENTRAL,2025-09-23,106363.31,17122096.22
CENTRAL,2025-09-25,154263.37,17276359.59
CENTRAL,2025-09-27,132352.82,17408712.41
CENTRAL,2025-09-28,183602.07,17592314.48
CENTRAL,2025-09-30,143520.39,17735834.86
CENTRAL,2025-10-01,82441.68,17818276.55
CENTRAL,2025-10-03,157690.99,17975967.54
CENTRAL,2025-10-09,370513.41,18346480.95
CENTRAL,2025-10-10,3700.9,18350181.85
CENTRAL,2025-10-11,184699.89,18534881.74
CENTRAL,2025-10-29,661983.04,19196864.78
CENTRAL,2025-11-03,276884.01,19473748.79
CENTRAL,2025-11-04,138645.21,19612394.0
CENTRAL,2025-11-05,180874.4,19793268.4
CENTRAL,2025-11-06,182421.37,19975689.77
CENTRAL,2025-11-07,221532.0,20197221.78
CENTRAL,2025-11-09,86783.34,20284005.12
CENTRAL,2025-11-11,694832.51,20978837.62
CENTRAL,2025-11-13,224521.79,21203359.41
CENTRAL,2025-11-17,265930.47,21469289.88
CENTRAL,2025-11-20,12808.24,21482098.12
CENTRAL,2025-11-24,340647.69,21822745.81
CENTRAL,2025-11-25,124901.58,21947647.4
CENTRAL,2025-11-27,40584.88,21988232.28
CENTRAL,2025-11-28,298146.37,22286378.65
CENTRAL,2025-11-29,250348.52,22536727.17
CENTRAL,2025-11-30,65987.76,22602714.93
CENTRAL,2025-12-04,292766.96,22895481.88
CENTRAL,2025-12-06,86688.53,22982170.41
CENTRAL,2025-12-12,17858.04,23000028.46
CENTRAL,2025-12-13,178047.69,23178076.14
CENTRAL,2025-12-14,103127.87,23281204.01
CENTRAL,2025-12-24,210614.92,23491818.93
CENTRAL,2025-12-27,276784.2,23768603.13
CENTRAL,2025-12-29,93864.89,23862468.02
CENTRAL,2025-12-31,274451.33,24136919.35
CENTRAL,2026-01-03,700122.85,24837042.2
CENTRAL,2026-01-05,419248.89,25256291.09
CENTRAL,2026-01-08,176493.08,25432784.17
CENTRAL,2026-01-13,44384.59,25477168.76
CENTRAL,2026-01-14,468154.7,25945323.46
CENTRAL,2026-01-17,268286.63,26213610.09
CENTRAL,2026-01-18,238824.07,26452434.15
CENTRAL,2026-01-20,117698.11,26570132.26
CENTRAL,2026-01-26,454288.28,27024420.54
CENTRAL,2026-01-27,341565.25,27365985.79
CENTRAL,2026-01-28,319196.46,27685182.25
CENTRAL,2026-01-29,462881.19,28148063.44
CENTRAL,2026-01-31,310107.76,28458171.2
CENTRAL,2026-02-01,78560.94,28536732.14
CENTRAL,2026-02-09,17458.71,28554190.85
CENTRAL,2026-02-12,144720.07,28698910.93
CENTRAL,2026-02-14,262921.44,28961832.37
CENTRAL,2026-02-16,309737.64,29271570.01
CENTRAL,2026-02-18,92478.5,29364048.51
CENTRAL,2026-02-19,66745.09,29430793.6
CENTRAL,2026-02-20,142106.31,29572899.91
CENTRAL,2026-03-05,133784.23,29706684.14
CENTRAL,2026-03-08,-26790.8,29679893.34
CENTRAL,2026-03-10,492199.98,30172093.32
CENTRAL,2026-03-16,304447.16,30476540.48
CENTRAL,2026-03-19,362328.25,30838868.73
CENTRAL,2026-03-22,187197.69,31026066.42
CENTRAL,2026-03-25,38685.31,31064751.73
CENTRAL,2026-03-27,215145.38,31279897.11
CENTRAL,2026-04-01,161550.99,31441448.1
CENTRAL,2026-04-02,247577.96,31689026.06
CENTRAL,2026-04-09,191500.24,31880526.3
CENTRAL,2026-04-11,98254.77,31978781.07
CENTRAL,2026-04-15,231114.86,32209895.92
CENTRAL,2026-04-17,400637.23,32610533.15
CENTRAL,2026-04-18,141664.91,32752198.06
CENTRAL,2026-04-28,271736.31,33023934.37
CENTRAL,2026-04-29,104346.64,33128281.01
CENTRAL,2026-04-30,132708.45,33260989.46
CENTRAL,2026-05-02,84052.01,33345041.47
CENTRAL,2026-05-03,361642.56,33706684.03
CENTRAL,2026-05-04,139714.13,33846398.15
CENTRAL,2026-05-09,210275.52,34056673.68
CENTRAL,2026-05-12,233335.18,34290008.85
CENTRAL,2026-05-14,213486.65,34503495.51
CENTRAL,2026-05-15,168497.87,34671993.38
CENTRAL,2026-05-18,356535.25,35028528.62
CENTRAL,2026-05-20,289750.35,35318278.97
CENTRAL,2026-05-26,159457.04,35477736.01
CENTRAL,2026-05-27,34514.55,35512250.56
CENTRAL,2026-05-28,293999.93,35806250.49
CENTRAL,2026-05-30,-16640.9,35789609.59
CENTRAL,2026-05-31,351084.57,36140694.17
CENTRAL,2026-06-03,59171.15,36199865.32
CENTRAL,2026-06-04,290630.47,36490495.79
CENTRAL,2026-06-05,97431.23,36587927.02
CENTRAL,2026-06-18,203338.52,36791265.54
CENTRAL,2026-06-20,490594.73,37281860.26
CENTRAL,2026-06-23,61169.98,37343030.25
CENTRAL,2026-06-25,135233.55,37478263.8
CENTRAL,2026-06-27,177182.13,37655445.93
CENTRAL,2026-06-29,128882.36,37784328.29
CENTRAL,2026-07-01,456386.31,38240714.6
CENTRAL,2026-07-03,249437.35,38490151.96
CENTRAL,2026-07-06,169088.46,38659240.42
CENTRAL,2026-07-07,338015.39,38997255.81
CENTRAL,2026-07-09,189325.19,39186581.0
CENTRAL,2026-07-14,91232.2,39277813.2
CENTRAL,2026-07-17,178495.57,39456308.77
CENTRAL,2026-07-21,111551.82,39567860.59
CENTRAL,2026-07-22,236440.79,39804301.39
CENTRAL,2026-07-25,80121.04,39884422.42
CENTRAL,2026-07-26,20099.79,39904522.22
CENTRAL,2026-08-02,196948.2,40101470.42
CENTRAL,2026-08-03,178590.58,40280061.0
CENTRAL,2026-08-04,105054.26,40385115.26
EAST,2025-01-01,698952.33,698952.33
EAST,2025-01-03,223892.92,922845.26
EAST,2025-01-05,211511.47,1134356.72
EAST,2025-01-06,549166.76,1683523.48
EAST,2025-01-09,83579.4,1767102.88
EAST,2025-01-10,229169.99,1996272.87
EAST,2025-01-13,211361.39,2207634.26
EAST,2025-01-21,97824.15,2305458.41
EAST,2025-01-26,71195.25,2376653.66
EAST,2025-01-28,12671.83,2389325.5
EAST,2025-01-30,41064.63,2430390.12
EAST,2025-01-31,430744.15,2861134.27
EAST,2025-02-01,247320.05,3108454.32
EAST,2025-02-02,156125.45,3264579.77
EAST,2025-02-03,818.18,3265397.95
EAST,2025-02-14,47495.69,3312893.64
EAST,2025-02-17,35170.26,3348063.9
EAST,2025-02-20,51189.08,3399252.98
EAST,2025-02-22,784407.84,4183660.82
EAST,2025-03-02,135924.47,4319585.28
EAST,2025-03-03,176602.04,4496187.33
EAST,2025-03-05,90914.5,4587101.83
EAST,2025-03-11,94841.01,4681942.84
EAST,2025-03-13,481789.69,5163732.54
EAST,2025-03-14,52811.52,5216544.05
EAST,2025-03-15,277350.76,5493894.82
EAST,2025-03-21,26553.68,5520448.5
EAST,2025-03-23,138458.39,5658906.89
EAST,2025-03-24,213670.01,5872576.9
EAST,2025-04-02,84240.19,5956817.08
EAST,2025-04-03,118337.1,6075154.19
EAST,2025-04-07,182220.61,6257374.79
EAST,2025-04-08,54983.94,6312358.73
EAST,2025-04-13,311357.36,6623716.09
EAST,2025-04-16,19931.19,6643647.28
EAST,2025-04-22,267938.81,6911586.09
EAST,2025-04-24,343765.14,7255351.23
EAST,2025-04-26,4473.76,7259824.99
EAST,2025-04-27,227975.08,7487800.07
EAST,2025-05-03,10981.15,7498781.22
EAST,2025-05-04,261322.95,7760104.17
EAST,2025-05-07,218975.1,7979079.27
EAST,2025-05-10,255210.76,8234290.03
EAST,2025-05-12,375301.75,8609591.78
EAST,2025-05-13,168823.98,8778415.76
EAST,2025-05-15,250748.8,9029164.56
EAST,2025-05-20,63988.58,9093153.14
EAST,2025-05-23,258508.26,9351661.4
EAST,2025-05-24,159089.65,9510751.05
EAST,2025-05-28,238253.81,9749004.86
EAST,2025-05-29,72014.43,9821019.29
EAST,2025-06-02,285031.19,10106050.49
EAST,2025-06-04,165191.56,10271242.05
EAST,2025-06-05,136224.81,10407466.86
EAST,2025-06-07,98117.95,10505584.8
EAST,2025-06-11,188455.09,10694039.89
EAST,2025-06-16,385342.76,11079382.65
EAST,2025-06-18,274165.01,11353547.66
EAST,2025-06-21,119873.39,11473421.05
EAST,2025-06-24,280775.83,11754196.88
EAST,2025-06-27,434324.6,12188521.48
EAST,2025-06-29,217528.56,12406050.04
EAST,2025-07-02,76518.42,12482568.46
EAST,2025-07-07,61371.52,12543939.98
EAST,2025-07-08,205510.51,12749450.49
EAST,2025-07-12,163851.4,12913301.89
EAST,2025-07-13,175460.28,13088762.17
EAST,2025-07-17,36459.91,13125222.08
EAST,2025-07-24,179648.55,13304870.63
EAST,2025-07-25,211643.88,13516514.51
EAST,2025-07-26,428190.15,13944704.66
EAST,2025-07-27,145416.09,14090120.75
EAST,2025-07-28,413033.88,14503154.63
EAST,2025-07-29,39037.6,14542192.23
EAST,2025-08-03,405800.54,14947992.78
EAST,2025-08-06,53692.04,15001684.82
EAST,2025-08-11,653071.79,15654756.62
EAST,2025-08-13,147025.31,15801781.92
EAST,2025-08-16,493809.15,16295591.07
EAST,2025-08-18,166784.13,16462375.2
EAST,2025-08-19,142314.41,16604689.61
EAST,2025-08-21,483164.02,17087853.63
EAST,2025-08-30,320939.9,17408793.53
EAST,2025-09-01,-88685.96,17320107.58
EAST,2025-09-03,79861.25,17399968.83
EAST,2025-09-04,322285.81,17722254.64
EAST,2025-09-07,147753.1,17870007.74
EAST,2025-09-14,212841.77,18082849.5
EAST,2025-09-23,235753.07,18318602.58
EAST,2025-09-25,226882.2,18545484.78
EAST,2025-09-27,145047.46,18690532.25
EAST,2025-09-30,146250.24,18836782.49
EAST,2025-10-01,308686.19,19145468.67
EAST,2025-10-07,26888.5,19172357.18
EAST,2025-10-11,122979.69,19295336.86
EAST,2025-10-12,2442.5,19297779.36
EAST,2025-10-13,166922.64,19464702.0
EAST,2025-10-17,33713.14,19498415.14
EAST,2025-10-19,219569.32,19717984.46
EAST,2025-10-24,51831.97,19769816.43
EAST,2025-10-25,385385.21,20155201.64
EAST,2025-10-29,22753.85,20177955.49
EAST,2025-11-02,18319.36,20196274.85
EAST,2025-11-06,134140.24,20330415.09
EAST,2025-11-07,263546.23,20593961.33
EAST,2025-11-08,184297.66,20778258.99
EAST,2025-11-15,15284.06,20793543.05
EAST,2025-11-16,286075.69,21079618.74
EAST,2025-11-19,260704.27,21340323.01
EAST,2025-11-23,654327.91,21994650.92
EAST,2025-11-29,315320.18,22309971.1
EAST,2025-12-02,21016.98,22330988.08
EAST,2025-12-07,92721.3,22423709.38
EAST,2025-12-09,89014.42,22512723.8
EAST,2025-12-14,13741.83,22526465.63
EAST,2025-12-15,558207.38,23084673.01
EAST,2025-12-19,331705.08,23416378.09
EAST,2025-12-24,149834.98,23566213.07
EAST,2025-12-27,242901.78,23809114.84
EAST,2025-12-29,175030.1,23984144.95
EAST,2026-01-04,517058.69,24501203.64
EAST,2026-01-05,156038.78,24657242.42
EAST,2026-01-09,24856.49,24682098.91
EAST,2026-01-10,117789.57,24799888.48
EAST,2026-01-14,68775.5,24868663.98
EAST,2026-01-15,256053.43,25124717.41
EAST,2026-01-16,366145.38,25490862.79
EAST,2026-01-17,106013.43,25596876.22
EAST,2026-01-19,88144.54,25685020.76
EAST,2026-01-24,108215.64,25793236.4
EAST,2026-01-25,193635.36,25986871.76
EAST,2026-01-26,226206.37,26213078.13
EAST,2026-01-27,182207.69,26395285.82
EAST,2026-02-02,16283.05,26411568.87
EAST,2026-02-03,277768.62,26689337.49
EAST,2026-02-04,47796.69,26737134.18
EAST,2026-02-05,177939.84,26915074.03
EAST,2026-02-07,199378.07,27114452.1
EAST,2026-02-08,272111.36,27386563.46
EAST,2026-02-15,65557.69,27452121.16
EAST,2026-02-16,169608.15,27621729.31
EAST,2026-02-19,-49035.97,27572693.34
EAST,2026-02-27,309892.81,27882586.15
EAST,2026-02-28,144092.93,28026679.07
EAST,2026-03-04,181578.21,28208257.29
EAST,2026-03-06,156232.0,28364489.29
EAST,2026-03-08,137759.9,28502249.19
EAST,2026-03-10,354347.16,28856596.35
EAST,2026-03-11,299835.81,29156432.16
EAST,2026-03-19,101219.42,29257651.58
EAST,2026-03-21,230393.08,29488044.66
EAST,2026-03-22,380643.34,29868688.0
EAST,2026-03-30,264887.05,30133575.04
EAST,2026-03-31,47332.29,30180907.33
EAST,2026-04-03,232885.57,30413792.9
EAST,2026-04-10,262102.17,30675895.07
EAST,2026-04-12,224516.03,30900411.1
EAST,2026-04-14,85012.74,30985423.84
EAST,2026-04-16,330038.15,31315462.0
EAST,2026-04-19,10455.74,31325917.74
EAST,2026-04-20,109899.26,31435817.01
EAST,2026-04-26,286661.32,31722478.33
EAST,2026-05-02,840057.12,32562535.45
EAST,2026-05-03,140989.84,32703525.29
EAST,2026-05-07,127286.79,32830812.08
EAST,2026-05-09,166151.54,32996963.62
EAST,2026-05-10,287569.95,33284533.57
EAST,2026-05-11,332010.65,33616544.22
EAST,2026-05-15,29512.84,33646057.06
EAST,2026-05-16,162684.23,33808741.29
EAST,2026-05-18,26406.47,33835147.77
EAST,2026-05-19,241435.92,34076583.68
EAST,2026-05-22,87624.92,34164208.6
EAST,2026-05-25,33719.88,34197928.48
EAST,2026-05-26,74460.14,34272388.63
EAST,2026-05-31,241651.27,34514039.9
EAST,2026-06-01,441668.73,34955708.63
EAST,2026-06-03,78139.0,35033847.63
EAST,2026-06-04,222592.6,35256440.23
EAST,2026-06-06,202627.71,35459067.93
EAST,2026-06-07,187594.52,35646662.45
EAST,2026-06-11,73655.17,35720317.63
EAST,2026-06-14,167323.21,35887640.83
EAST,2026-06-17,460595.52,36348236.35
EAST,2026-06-18,221399.62,36569635.97
EAST,2026-06-20,218402.94,36788038.9
EAST,2026-06-28,144597.54,36932636.44
EAST,2026-07-06,153737.07,37086373.51
EAST,2026-07-07,229273.33,37315646.84
EAST,2026-07-18,216099.33,37531746.17
EAST,2026-07-22,56127.34,37587873.51
EAST,2026-08-01,117326.98,37705200.48
EAST,2026-08-02,77461.83,37782662.31
EAST,2026-08-05,294720.95,38077383.27
NORTH,2025-01-01,147070.96,147070.96
NORTH,2025-01-04,90289.64,237360.61
NORTH,2025-01-07,111508.29,348868.9
NORTH,2025-01-09,236644.83,585513.73
NORTH,2025-01-10,205603.27,791116.99
NORTH,2025-01-11,1193.69,792310.68
NORTH,2025-01-12,163921.55,956232.23
NORTH,2025-01-17,17107.28,973339.51
NORTH,2025-01-20,148981.9,1122321.41
NORTH,2025-01-29,-1540.49,1120780.92
NORTH,2025-01-30,175018.47,1295799.39
NORTH,2025-02-02,256343.17,1552142.55
NORTH,2025-02-03,222820.27,1774962.83
NORTH,2025-02-05,62259.57,1837222.39
NORTH,2025-02-07,148031.09,1985253.48
NORTH,2025-02-08,85733.17,2070986.65
NORTH,2025-02-09,55330.47,2126317.12
NORTH,2025-02-10,272717.66,2399034.79
NORTH,2025-02-14,317146.68,2716181.46
NORTH,2025-02-15,224904.57,2941086.04
NORTH,2025-02-16,356672.32,3297758.35
NORTH,2025-02-18,249657.34,3547415.7
NORTH,2025-03-01,120328.73,3667744.42
NORTH,2025-03-04,323414.67,3991159.09
NORTH,2025-03-05,252796.12,4243955.21
NORTH,2025-03-06,221690.21,4465645.42
NORTH,2025-03-18,452696.42,4918341.84
NORTH,2025-03-21,332983.6,5251325.44
NORTH,2025-03-26,46753.44,5298078.88
NORTH,2025-03-28,8005.39,5306084.27
NORTH,2025-04-02,137680.9,5443765.17
NORTH,2025-04-11,318350.18,5762115.35
NORTH,2025-04-12,-13992.46,5748122.89
NORTH,2025-04-16,349945.75,6098068.64
NORTH,2025-04-17,299840.96,6397909.6
NORTH,2025-04-19,153519.0,6551428.6
NORTH,2025-04-20,125913.79,6677342.39
NORTH,2025-04-24,203320.33,6880662.72
NORTH,2025-04-26,74984.18,6955646.9
NORTH,2025-05-09,205649.14,7161296.04
NORTH,2025-05-10,-37115.14,7124180.9
NORTH,2025-05-11,158851.73,7283032.63
NORTH,2025-05-14,66717.34,7349749.97
NORTH,2025-05-16,270232.39,7619982.36
NORTH,2025-05-17,30179.36,7650161.72
NORTH,2025-05-24,406326.09,8056487.81
NORTH,2025-05-25,78662.7,8135150.51
NORTH,2025-05-30,218620.34,8353770.86
NORTH,2025-06-01,321901.52,8675672.37
NORTH,2025-06-02,38977.22,8714649.59
NORTH,2025-06-03,68698.24,8783347.83
NORTH,2025-06-07,131564.6,8914912.43
NORTH,2025-06-11,272888.58,9187801.01
NORTH,2025-06-13,23554.58,9211355.59
NORTH,2025-06-20,439955.68,9651311.28
NORTH,2025-06-23,172544.27,9823855.55
NORTH,2025-06-26,69146.62,9893002.18
NORTH,2025-06-28,71708.25,9964710.42
NORTH,2025-06-29,246964.78,10211675.2
NORTH,2025-06-30,155249.4,10366924.61
NORTH,2025-07-01,48557.0,10415481.61
NORTH,2025-07-02,308577.46,10724059.07
NORTH,2025-07-05,267872.4,10991931.47
NORTH,2025-07-06,68017.52,11059948.98
NORTH,2025-07-08,319216.5,11379165.49
NORTH,2025-07-09,285833.46,11664998.94
NORTH,2025-07-19,514696.39,12179695.33
NORTH,2025-07-20,118544.35,12298239.68
NORTH,2025-07-21,183515.07,12481754.75
NORTH,2025-07-28,113025.78,12594780.53
NORTH,2025-07-30,296976.0,12891756.52
NORTH,2025-08-01,136275.44,13028031.96
NORTH,2025-08-02,193359.72,13221391.68
NORTH,2025-08-05,418927.2,13640318.88
NORTH,2025-08-11,184696.78,13825015.65
NORTH,2025-08-12,91903.55,13916919.2
NORTH,2025-08-14,98379.58,14015298.78
NORTH,2025-08-15,292206.75,14307505.53
NORTH,2025-08-20,181703.49,14489209.02
NORTH,2025-08-22,265926.29,14755135.31
NORTH,2025-08-23,54513.67,14809648.99
NORTH,2025-08-27,44860.7,14854509.69
NORTH,2025-08-28,82329.96,14936839.65
NORTH,2025-08-31,13705.03,14950544.68
NORTH,2025-09-03,239584.77,15190129.45
NORTH,2025-09-04,42053.92,15232183.37
NORTH,2025-09-07,103993.69,15336177.06
NORTH,2025-09-08,111551.1,15447728.16
NORTH,2025-09-11,78970.12,15526698.28
NORTH,2025-09-16,92712.32,15619410.61
NORTH,2025-09-17,398517.19,16017927.8
NORTH,2025-09-20,186287.92,16204215.72
NORTH,2025-09-23,238306.54,16442522.26
NORTH,2025-09-27,178855.75,16621378.01
NORTH,2025-09-29,240265.89,16861643.9
NORTH,2025-09-30,82851.84,16944495.74
NORTH,2025-10-03,129762.03,17074257.77
NORTH,2025-10-04,143693.38,17217951.15
NORTH,2025-10-10,208839.57,17426790.73
NORTH,2025-10-11,191421.4,17618212.12
NORTH,2025-10-14,52902.44,17671114.56
NORTH,2025-10-16,263579.31,17934693.87
NORTH,2025-10-18,517370.98,18452064.85
NORTH,2025-10-23,146585.32,18598650.16
NORTH,2025-10-29,46210.45,18644860.61
NORTH,2025-10-30,232303.64,18877164.25
NORTH,2025-11-02,257546.94,19134711.19
NORTH,2025-11-04,584748.28,19719459.47
NORTH,2025-11-05,125461.64,19844921.1
NORTH,2025-11-09,345637.95,20190559.05
NORTH,2025-11-10,215532.7,20406091.75
NORTH,2025-11-12,122444.22,20528535.96
NORTH,2025-11-14,249485.46,20778021.43
NORTH,2025-11-16,174337.42,20952358.85
NORTH,2025-11-20,72141.86,21024500.71
NORTH,2025-11-25,236185.84,21260686.55
NORTH,2025-11-29,310026.28,21570712.83
NORTH,2025-11-30,121706.95,21692419.78
NORTH,2025-12-06,440176.88,22132596.66
NORTH,2025-12-08,38085.01,22170681.66
NORTH,2025-12-09,180544.47,22351226.14
NORTH,2025-12-17,427783.55,22779009.69
NORTH,2025-12-19,180258.62,22959268.31
NORTH,2025-12-20,181818.02,23141086.33
NORTH,2025-12-28,29331.51,23170417.84
NORTH,2026-01-01,22197.94,23192615.77
NORTH,2026-01-03,26149.68,23218765.46
NORTH,2026-01-05,373796.08,23592561.54
NORTH,2026-01-11,251567.1,23844128.64
NORTH,2026-01-13,165043.15,24009171.8
NORTH,2026-01-16,234556.13,24243727.93
NORTH,2026-01-17,203913.36,24447641.28
NORTH,2026-01-21,161180.64,24608821.92
NORTH,2026-01-25,72939.41,24681761.33
NORTH,2026-01-26,44904.68,24726666.01
NORTH,2026-01-27,16811.59,24743477.6
NORTH,2026-01-29,462685.51,25206163.11
NORTH,2026-02-04,31418.59,25237581.7
NORTH,2026-02-05,343301.35,25580883.05
NORTH,2026-02-11,59347.45,25640230.5
NORTH,2026-02-13,96434.45,25736664.95
NORTH,2026-02-15,49557.22,25786222.17
NORTH,2026-02-18,193085.32,25979307.49
NORTH,2026-02-23,3383.47,25982690.96
NORTH,2026-02-24,107274.88,26089965.84
NORTH,2026-02-26,153351.91,26243317.75
NORTH,2026-02-27,271247.44,26514565.19
NORTH,2026-03-02,282134.39,26796699.58
NORTH,2026-03-03,323079.78,27119779.36
NORTH,2026-03-04,135841.82,27255621.18
NORTH,2026-03-08,182169.16,27437790.33
NORTH,2026-03-10,97457.49,27535247.83
NORTH,2026-03-12,95222.05,27630469.88
NORTH,2026-03-23,191478.75,27821948.63
NORTH,2026-03-26,317137.99,28139086.62
NORTH,2026-03-29,170600.52,28309687.13
NORTH,2026-03-30,193236.04,28502923.17
NORTH,2026-03-31,204259.31,28707182.48
NORTH,2026-04-02,368224.29,29075406.77
NORTH,2026-04-04,302970.3,29378377.07
NORTH,2026-04-06,238781.86,29617158.93
NORTH,2026-04-08,28586.87,29645745.8
NORTH,2026-04-09,33156.78,29678902.58
NORTH,2026-04-10,64655.71,29743558.29
NORTH,2026-04-11,428904.09,30172462.38
NORTH,2026-04-16,290229.27,30462691.65
NORTH,2026-04-17,70282.59,30532974.24
NORTH,2026-04-21,19579.42,30552553.66
NORTH,2026-04-23,58514.19,30611067.85
NORTH,2026-04-28,115828.48,30726896.33
NORTH,2026-04-29,157975.97,30884872.3
NORTH,2026-05-01,46690.2,30931562.5
NORTH,2026-05-06,163821.98,31095384.48
NORTH,2026-05-08,377961.52,31473346.0
NORTH,2026-05-10,193771.17,31667117.17
NORTH,2026-05-11,43168.98,31710286.16
NORTH,2026-05-12,380105.63,32090391.79
NORTH,2026-05-14,276227.14,32366618.93
NORTH,2026-05-15,81562.86,32448181.79
NORTH,2026-05-16,8165.66,32456347.45
NORTH,2026-05-18,92408.29,32548755.74
NORTH,2026-05-21,174058.93,32722814.66
NORTH,2026-05-22,130255.67,32853070.33
NORTH,2026-05-25,553091.98,33406162.31
NORTH,2026-05-26,19613.88,33425776.19
NORTH,2026-05-27,5502.39,33431278.58
NORTH,2026-05-28,105540.73,33536819.31
NORTH,2026-05-30,52589.24,33589408.55
NORTH,2026-06-01,28900.99,33618309.53
NORTH,2026-06-02,59242.98,33677552.51
NORTH,2026-06-05,121929.63,33799482.14
NORTH,2026-06-07,117878.22,33917360.36
NORTH,2026-06-09,124799.68,34042160.04
NORTH,2026-06-18,127596.29,34169756.33
NORTH,2026-06-20,130582.14,34300338.47
NORTH,2026-06-21,165646.45,34465984.92
NORTH,2026-06-22,375132.83,34841117.75
NORTH,2026-06-23,34978.59,34876096.34
NORTH,2026-06-24,30264.98,34906361.32
NORTH,2026-06-30,216160.72,35122522.04
NORTH,2026-07-01,46584.42,35169106.46
NORTH,2026-07-02,167705.6,35336812.06
NORTH,2026-07-04,434555.59,35771367.65
NORTH,2026-07-09,269375.72,36040743.36
NORTH,2026-07-12,114652.98,36155396.34
NORTH,2026-07-14,164983.92,36320380.26
NORTH,2026-07-19,98881.27,36419261.53
NORTH,2026-07-21,198300.03,36617561.56
NORTH,2026-07-24,423316.7,37040878.26
NORTH,2026-07-25,85537.01,37126415.27
NORTH,2026-07-31,21177.63,37147592.9
NORTH,2026-08-03,187383.23,37334976.12
SOUTH,2025-01-04,253045.55,253045.55
SOUTH,2025-01-07,37672.87,290718.42
SOUTH,2025-01-08,108013.68,398732.09
SOUTH,2025-01-17,615672.95,1014405.04
SOUTH,2025-01-18,363553.69,1377958.73
SOUTH,2025-01-19,130867.73,1508826.46
SOUTH,2025-01-25,324860.97,1833687.43
SOUTH,2025-01-27,218198.25,2051885.68
SOUTH,2025-02-02,95935.81,2147821.49
SOUTH,2025-02-03,175028.49,2322849.98
SOUTH,2025-02-06,23525.12,2346375.1
SOUTH,2025-02-11,346670.13,2693045.24
SOUTH,2025-02-12,207626.68,2900671.92
SOUTH,2025-02-16,24806.67,2925478.59
SOUTH,2025-02-17,232933.0,3158411.59
SOUTH,2025-02-25,353753.6,3512165.19
SOUTH,2025-03-01,490746.8,4002911.99
SOUTH,2025-03-02,227406.25,4230318.24
SOUTH,2025-03-03,37761.95,4268080.19
SOUTH,2025-03-07,135978.12,4404058.31
SOUTH,2025-03-11,216889.95,4620948.27
SOUTH,2025-03-12,272762.55,4893710.82
SOUTH,2025-03-20,204194.43,5097905.25
SOUTH,2025-03-25,1925.02,5099830.27
SOUTH,2025-03-27,-8412.96,5091417.3
SOUTH,2025-03-28,270424.99,5361842.29
SOUTH,2025-04-06,287792.15,5649634.44
SOUTH,2025-04-08,227956.43,5877590.87
SOUTH,2025-04-09,186086.25,6063677.11
SOUTH,2025-04-10,176552.26,6240229.37
SOUTH,2025-04-11,445121.22,6685350.59
SOUTH,2025-04-13,159062.14,6844412.73
SOUTH,2025-04-20,126189.16,6970601.88
SOUTH,2025-04-26,303361.96,7273963.84
SOUTH,2025-05-08,15131.33,7289095.17
SOUTH,2025-05-09,315793.55,7604888.72
SOUTH,2025-05-15,256462.44,7861351.17
SOUTH,2025-05-18,80400.15,7941751.31
SOUTH,2025-05-20,226006.98,8167758.29
SOUTH,2025-05-23,216765.78,8384524.07
SOUTH,2025-05-24,207398.93,8591923.0
SOUTH,2025-05-25,46628.14,8638551.14
SOUTH,2025-05-27,55705.12,8694256.26
SOUTH,2025-05-30,68044.79,8762301.05
SOUTH,2025-05-31,324950.49,9087251.54
SOUTH,2025-06-02,406333.1,9493584.64
SOUTH,2025-06-06,134995.57,9628580.21
SOUTH,2025-06-15,19235.96,9647816.17
SOUTH,2025-06-18,240750.71,9888566.88
SOUTH,2025-06-23,306010.91,10194577.79
SOUTH,2025-06-27,101153.89,10295731.68
SOUTH,2025-06-30,247750.54,10543482.22
SOUTH,2025-07-05,49173.44,10592655.65
SOUTH,2025-07-07,237689.61,10830345.27
SOUTH,2025-07-10,135592.07,10965937.34
SOUTH,2025-07-15,123502.56,11089439.9
SOUTH,2025-07-17,197543.46,11286983.35
SOUTH,2025-07-20,78452.51,11365435.86
SOUTH,2025-07-22,230309.56,11595745.42
SOUTH,2025-07-27,-36928.97,11558816.45
SOUTH,2025-07-28,239312.32,11798128.78
SOUTH,2025-07-30,142077.68,11940206.46
SOUTH,2025-08-02,49667.25,11989873.71
SOUTH,2025-08-03,661270.13,12651143.84
SOUTH,2025-08-05,239556.83,12890700.67
SOUTH,2025-08-10,142688.64,13033389.31
SOUTH,2025-08-11,614511.27,13647900.58
SOUTH,2025-08-12,194968.68,13842869.26
SOUTH,2025-08-13,202673.62,14045542.88
SOUTH,2025-08-14,187218.97,14232761.85
SOUTH,2025-08-15,105256.68,14338018.52
SOUTH,2025-08-18,107832.7,14445851.22
SOUTH,2025-08-30,184915.0,14630766.22
SOUTH,2025-09-07,51451.31,14682217.53
SOUTH,2025-09-08,171104.89,14853322.42
SOUTH,2025-09-15,234309.54,15087631.96
SOUTH,2025-09-19,147462.35,15235094.31
SOUTH,2025-09-22,349656.91,15584751.22
SOUTH,2025-09-24,194063.62,15778814.85
SOUTH,2025-09-25,189383.28,15968198.13
SOUTH,2025-10-01,315000.26,16283198.39
SOUTH,2025-10-03,147614.42,16430812.81
SOUTH,2025-10-07,158989.73,16589802.54
SOUTH,2025-10-09,395677.44,16985479.98
SOUTH,2025-10-15,154623.51,17140103.49
SOUTH,2025-10-18,245984.95,17386088.43
SOUTH,2025-10-19,414595.22,17800683.66
SOUTH,2025-10-22,42581.47,17843265.12
SOUTH,2025-10-26,128257.88,17971523.01
SOUTH,2025-10-30,206515.79,18178038.8
SOUTH,2025-11-02,457388.56,18635427.36
SOUTH,2025-11-03,52632.97,18688060.34
SOUTH,2025-11-15,425709.11,19113769.45
SOUTH,2025-11-17,69634.38,19183403.82
SOUTH,2025-11-18,26121.56,19209525.39
SOUTH,2025-11-19,185747.1,19395272.48
SOUTH,2025-11-21,113773.63,19509046.11
SOUTH,2025-11-24,171955.23,19681001.34
SOUTH,2025-11-28,174154.32,19855155.66
SOUTH,2025-11-29,270070.23,20125225.89
SOUTH,2025-12-01,168925.25,20294151.14
SOUTH,2025-12-06,602531.38,20896682.52
SOUTH,2025-12-08,7350.1,20904032.62
SOUTH,2025-12-13,246194.37,21150226.99
SOUTH,2025-12-16,121695.15,21271922.14
SOUTH,2025-12-17,9671.53,21281593.67
SOUTH,2025-12-18,130179.09,21411772.76
SOUTH,2025-12-19,248076.92,21659849.68
SOUTH,2025-12-20,194795.91,21854645.59
SOUTH,2025-12-22,239609.42,22094255.01
SOUTH,2025-12-23,50081.06,22144336.06
SOUTH,2026-01-02,129280.35,22273616.41
SOUTH,2026-01-07,151484.11,22425100.52
SOUTH,2026-01-11,103011.82,22528112.34
SOUTH,2026-01-13,-7930.07,22520182.27
SOUTH,2026-01-16,66577.46,22586759.74
SOUTH,2026-01-18,19048.16,22605807.9
SOUTH,2026-01-19,380716.88,22986524.78
SOUTH,2026-01-21,214494.85,23201019.63
SOUTH,2026-01-24,356282.88,23557302.51
SOUTH,2026-01-27,146315.76,23703618.27
SOUTH,2026-02-05,106720.49,23810338.76
SOUTH,2026-02-06,80800.11,23891138.87
SOUTH,2026-02-08,59834.04,23950972.91
SOUTH,2026-02-11,29024.18,23979997.1
SOUTH,2026-02-13,137788.15,24117785.24
SOUTH,2026-02-15,321280.1,24439065.35
SOUTH,2026-02-19,233222.15,24672287.5
SOUTH,2026-02-24,28786.64,24701074.15
SOUTH,2026-02-25,190583.26,24891657.4
SOUTH,2026-02-27,176612.57,25068269.98
SOUTH,2026-02-28,347956.48,25416226.46
SOUTH,2026-03-02,610322.73,26026549.18
SOUTH,2026-03-13,255907.68,26282456.86
SOUTH,2026-03-15,176441.28,26458898.14
SOUTH,2026-03-16,95655.31,26554553.45
SOUTH,2026-03-18,-25081.28,26529472.18
SOUTH,2026-03-21,140905.1,26670377.27
SOUTH,2026-03-24,507191.69,27177568.97
SOUTH,2026-03-27,293383.01,27470951.98
SOUTH,2026-03-28,299360.06,27770312.04
SOUTH,2026-03-31,204508.26,27974820.3
SOUTH,2026-04-02,350092.52,28324912.82
SOUTH,2026-04-13,483997.8,28808910.62
SOUTH,2026-04-18,159964.18,28968874.8
SOUTH,2026-04-30,198023.98,29166898.78
SOUTH,2026-05-02,288227.83,29455126.61
SOUTH,2026-05-03,216034.45,29671161.06
SOUTH,2026-05-10,99971.17,29771132.23
SOUTH,2026-05-11,110687.69,29881819.92
SOUTH,2026-05-12,49328.43,29931148.35
SOUTH,2026-05-14,135025.83,30066174.19
SOUTH,2026-05-17,79202.11,30145376.3
SOUTH,2026-05-19,142538.62,30287914.92
SOUTH,2026-05-21,36385.98,30324300.9
SOUTH,2026-05-23,233484.01,30557784.91
SOUTH,2026-05-26,42863.41,30600648.32
SOUTH,2026-05-27,72813.08,30673461.4
SOUTH,2026-06-07,27345.94,30700807.34
SOUTH,2026-06-08,32523.14,30733330.48
SOUTH,2026-06-10,183815.21,30917145.69
SOUTH,2026-06-15,202795.58,31119941.27
SOUTH,2026-06-17,279587.38,31399528.65
SOUTH,2026-06-18,-33202.31,31366326.34
SOUTH,2026-06-20,109920.39,31476246.73
SOUTH,2026-06-23,113051.84,31589298.58
SOUTH,2026-06-27,193151.32,31782449.89
SOUTH,2026-06-30,184147.52,31966597.42
SOUTH,2026-07-01,201629.18,32168226.6
SOUTH,2026-07-03,302811.74,32471038.34
SOUTH,2026-07-04,187162.08,32658200.42
SOUTH,2026-07-10,208717.97,32866918.39
SOUTH,2026-07-15,358498.75,33225417.14
SOUTH,2026-07-19,399425.06,33624842.19
SOUTH,2026-07-23,140236.01,33765078.2
SOUTH,2026-07-24,88938.36,33854016.56
SOUTH,2026-07-27,325127.67,34179144.23
SOUTH,2026-07-31,270259.94,34449404.17
SOUTH,2026-08-01,206433.13,34655837.3
SOUTH,2026-08-02,191641.23,34847478.54
SOUTH,2026-08-03,507177.5,35354656.04
WEST,2025-01-03,80446.8,80446.8
WEST,2025-01-05,258936.61,339383.41
WEST,2025-01-09,241754.5,581137.9
WEST,2025-01-13,277754.82,858892.72
WEST,2025-01-14,102396.35,961289.07
WEST,2025-01-15,322806.13,1284095.2
WEST,2025-01-16,90621.14,1374716.34
WEST,2025-01-17,135632.22,1510348.56
WEST,2025-01-20,32939.73,1543288.29
WEST,2025-01-23,201070.97,1744359.26
WEST,2025-01-25,281702.57,2026061.83
WEST,2025-01-28,177157.43,2203219.26
WEST,2025-01-29,8036.47,2211255.73
WEST,2025-01-31,219031.45,2430287.18
WEST,2025-02-01,159238.88,2589526.07
WEST,2025-02-04,15584.24,2605110.3
WEST,2025-02-08,276956.22,2882066.53
WEST,2025-02-10,73057.62,2955124.15
WEST,2025-02-11,186324.42,3141448.57
WEST,2025-02-12,83926.33,3225374.91
WEST,2025-02-14,64935.52,3290310.43
WEST,2025-02-16,196677.36,3486987.79
WEST,2025-02-20,249975.76,3736963.55
WEST,2025-02-24,336377.53,4073341.08
WEST,2025-02-27,119278.14,4192619.22
WEST,2025-02-28,242709.56,4435328.78
WEST,2025-03-03,152343.39,4587672.17
WEST,2025-03-14,167579.42,4755251.59
WEST,2025-03-20,229752.33,4985003.92
WEST,2025-03-22,207037.56,5192041.48
WEST,2025-03-23,136475.44,5328516.92
WEST,2025-03-24,167058.9,5495575.82
WEST,2025-03-25,206986.87,5702562.69
WEST,2025-03-30,198887.06,5901449.75
WEST,2025-04-02,21135.03,5922584.78
WEST,2025-04-05,162230.81,6084815.59
WEST,2025-04-06,117494.16,6202309.75
WEST,2025-04-08,175969.39,6378279.14
WEST,2025-04-16,70201.88,6448481.02
WEST,2025-04-17,239704.24,6688185.26
WEST,2025-04-18,106589.28,6794774.54
WEST,2025-04-21,146586.69,6941361.23
WEST,2025-04-25,173454.59,7114815.82
WEST,2025-04-26,114700.09,7229515.91
WEST,2025-04-29,355583.43,7585099.35
WEST,2025-05-01,51099.88,7636199.23
WEST,2025-05-05,621833.25,8258032.48
WEST,2025-05-14,147404.47,8405436.94
WEST,2025-05-15,79777.2,8485214.15
WEST,2025-05-16,303010.65,8788224.8
WEST,2025-05-17,211110.06,8999334.86
WEST,2025-05-18,586524.96,9585859.82
WEST,2025-05-20,25041.99,9610901.81
WEST,2025-05-24,104345.93,9715247.74
WEST,2025-05-28,320758.7,10036006.44
WEST,2025-05-30,54834.53,10090840.97
WEST,2025-05-31,283266.77,10374107.75
WEST,2025-06-04,148990.57,10523098.32
WEST,2025-06-08,152074.27,10675172.58
WEST,2025-06-10,205514.77,10880687.36
WEST,2025-06-12,234322.37,11115009.73
WEST,2025-06-13,178064.6,11293074.33
WEST,2025-06-14,44680.96,11337755.28
WEST,2025-06-18,314143.1,11651898.39
WEST,2025-06-21,309976.02,11961874.41
WEST,2025-06-26,321599.42,12283473.83
WEST,2025-06-29,31488.62,12314962.45
WEST,2025-07-01,179101.76,12494064.21
WEST,2025-07-03,192866.82,12686931.02
WEST,2025-07-09,307793.43,12994724.45
WEST,2025-07-11,484104.38,13478828.83
WEST,2025-07-12,104385.95,13583214.79
WEST,2025-07-13,86802.17,13670016.95
WEST,2025-07-14,582808.74,14252825.69
WEST,2025-07-18,114743.43,14367569.12
WEST,2025-07-24,213334.82,14580903.94
WEST,2025-07-26,91040.0,14671943.94
WEST,2025-07-31,128706.99,14800650.92
WEST,2025-08-03,8523.35,14809174.28
WEST,2025-08-05,164401.85,14973576.12
WEST,2025-08-09,35276.09,15008852.21
WEST,2025-08-10,4540.32,15013392.53
WEST,2025-08-14,372672.06,15386064.59
WEST,2025-08-15,307187.38,15693251.97
WEST,2025-08-16,120303.69,15813555.66
WEST,2025-08-17,79489.39,15893045.06
WEST,2025-08-19,192475.79,16085520.84
WEST,2025-08-21,163049.04,16248569.88
WEST,2025-08-24,323290.98,16571860.87
WEST,2025-08-27,163289.16,16735150.03
WEST,2025-08-28,654726.81,17389876.84
WEST,2025-08-29,194861.07,17584737.91
WEST,2025-09-02,94546.38,17679284.29
WEST,2025-09-10,315984.61,17995268.9
WEST,2025-09-13,278727.76,18273996.65
WEST,2025-09-14,175439.5,18449436.15
WEST,2025-09-16,639262.11,19088698.26
WEST,2025-09-18,43368.45,19132066.71
WEST,2025-09-20,422284.8,19554351.51
WEST,2025-09-24,116016.51,19670368.02
WEST,2025-09-25,-1217.27,19669150.75
WEST,2025-09-30,265159.55,19934310.3
WEST,2025-10-06,59172.76,19993483.06
WEST,2025-10-10,38408.27,20031891.34
WEST,2025-10-11,155988.65,20187879.98
WEST,2025-10-13,210596.36,20398476.34
WEST,2025-10-17,34460.61,20432936.95
WEST,2025-10-19,329600.01,20762536.96
WEST,2025-10-21,210410.66,20972947.63
WEST,2025-10-23,216216.99,21189164.62
WEST,2025-10-24,419412.91,21608577.52
WEST,2025-11-01,118876.52,21727454.04
WEST,2025-11-03,697584.13,22425038.17
WEST,2025-11-05,21247.93,22446286.1
WEST,2025-11-06,96363.58,22542649.68
WEST,2025-11-07,86387.4,22629037.08
WEST,2025-11-08,123909.68,22752946.76
WEST,2025-11-09,196128.64,22949075.4
WEST,2025-11-17,24747.75,22973823.15
WEST,2025-11-30,112240.19,23086063.34
WEST,2025-12-01,170984.62,23257047.97
WEST,2025-12-02,227947.25,23484995.21
WEST,2025-12-13,546513.04,24031508.25
WEST,2025-12-15,216114.31,24247622.56
WEST,2025-12-16,67993.91,24315616.47
WEST,2025-12-17,231304.05,24546920.52
WEST,2025-12-18,1317.94,24548238.46
WEST,2025-12-19,238638.96,24786877.42
WEST,2025-12-27,46600.78,24833478.21
WEST,2025-12-30,33811.64,24867289.84
WEST,2026-01-02,467424.1,25334713.95
WEST,2026-01-05,151121.42,25485835.36
WEST,2026-01-11,57166.39,25543001.75
WEST,2026-01-13,386474.48,25929476.24
WEST,2026-01-14,17969.43,25947445.67
WEST,2026-01-19,125629.64,26073075.31
WEST,2026-01-22,152963.52,26226038.82
WEST,2026-01-25,264893.14,26490931.97
WEST,2026-01-26,281355.6,26772287.56
WEST,2026-01-27,444384.93,27216672.49
WEST,2026-01-29,35259.16,27251931.65
WEST,2026-02-03,170310.38,27422242.03
WEST,2026-02-07,90358.56,27512600.59
WEST,2026-02-09,79005.11,27591605.7
WEST,2026-02-17,171785.34,27763391.04
WEST,2026-02-25,133949.5,27897340.55
WEST,2026-03-02,5538.46,27902879.01
WEST,2026-03-08,305317.59,28208196.6
WEST,2026-03-09,357973.52,28566170.11
WEST,2026-03-10,5122.48,28571292.59
WEST,2026-03-11,397081.66,28968374.25
WEST,2026-03-12,137133.62,29105507.87
WEST,2026-03-17,242593.17,29348101.04
WEST,2026-03-19,334069.94,29682170.98
WEST,2026-03-20,134818.91,29816989.9
WEST,2026-03-22,138949.64,29955939.54
WEST,2026-03-26,100400.55,30056340.09
WEST,2026-03-29,94495.72,30150835.81
WEST,2026-03-30,291852.96,30442688.77
WEST,2026-04-02,139884.09,30582572.86
WEST,2026-04-05,226366.99,30808939.85
WEST,2026-04-07,155980.64,30964920.49
WEST,2026-04-10,446670.5,31411590.99
WEST,2026-04-15,22805.87,31434396.86
WEST,2026-04-17,49826.56,31484223.42
WEST,2026-04-19,114833.54,31599056.96
WEST,2026-04-26,151628.1,31750685.06
WEST,2026-04-27,283583.73,32034268.79
WEST,2026-05-01,256870.84,32291139.64
WEST,2026-05-03,68912.2,32360051.83
WEST,2026-05-06,47643.81,32407695.64
WEST,2026-05-07,168463.24,32576158.88
WEST,2026-05-09,241154.38,32817313.26
WEST,2026-05-10,237170.94,33054484.19
WEST,2026-05-12,417110.01,33471594.2
WEST,2026-05-13,41481.63,33513075.83
WEST,2026-05-15,83367.15,33596442.98
WEST,2026-05-16,163781.52,33760224.51
WEST,2026-05-20,420517.55,34180742.05
WEST,2026-05-21,402609.67,34583351.73
WEST,2026-05-23,624336.48,35207688.21
WEST,2026-05-25,12705.6,35220393.81
WEST,2026-05-27,287595.91,35507989.72
WEST,2026-06-01,57059.62,35565049.34
WEST,2026-06-02,110601.0,35675650.34
WEST,2026-06-03,61594.17,35737244.51
WEST,2026-06-04,203617.14,35940861.65
WEST,2026-06-06,65915.38,36006777.03
WEST,2026-06-10,498217.52,36504994.55
WEST,2026-06-28,130147.07,36635141.62
WEST,2026-07-05,513365.9,37148507.52
WEST,2026-07-06,164838.4,37313345.91
WEST,2026-07-09,314540.84,37627886.75
WEST,2026-07-18,110107.05,37737993.8
WEST,2026-07-19,349443.53,38087437.33
WEST,2026-07-21,252745.67,38340183.0
WEST,2026-07-29,837.84,38341020.84
WEST,2026-07-30,128135.8,38469156.64
WEST,2026-08-04,309807.07,38778963.71
