customer_id,order_date,previous_order_date,days_gap,customer_status
C0001,2025-08-13 08:33:30,,,At Risk
C0001,2026-01-04 15:28:25,2025-08-13 08:33:30,144.29,At Risk
C0001,2026-05-25 10:41:40,2026-01-04 15:28:25,140.8,At Risk
C0002,2025-08-27 19:18:12,,,Active
C0002,2025-09-20 20:06:46,2025-08-27 19:18:12,24.03,Active
C0007,2025-07-26 15:26:49,,,At Risk
C0007,2026-04-14 09:08:19,2025-07-26 15:26:49,261.74,At Risk
C0007,2026-05-10 18:31:01,2026-04-14 09:08:19,26.39,At Risk
C0008,2025-01-10 08:17:48,,,At Risk
C0008,2025-01-17 15:05:00,2025-01-10 08:17:48,7.28,At Risk
C0008,2025-04-10 11:33:50,2025-01-17 15:05:00,82.85,At Risk
C0009,2025-10-03 10:45:28,,,At Risk
C0009,2025-12-02 09:35:29,2025-10-03 10:45:28,59.95,At Risk
C0009,2025-12-19 12:30:34,2025-12-02 09:35:29,17.12,At Risk
C0009,2026-06-15 15:20:44,2025-12-19 12:30:34,178.12,At Risk
C0010,2025-01-03 17:30:00,,,At Risk
C0010,2026-06-10 08:55:49,2025-01-03 17:30:00,522.64,At Risk
C0010,2026-06-28 15:35:52,2026-06-10 08:55:49,18.28,At Risk
C0011,2025-09-17 08:04:19,,,At Risk
C0011,2025-12-06 20:27:06,2025-09-17 08:04:19,80.52,At Risk
C0011,2026-02-27 12:09:19,2025-12-06 20:27:06,82.65,At Risk
C0013,2026-02-20 21:37:48,,,At Risk
C0013,2026-05-23 11:05:35,2026-02-20 21:37:48,91.56,At Risk
C0018,2025-01-04 18:52:20,,,At Risk
C0018,2026-01-18 16:46:36,2025-01-04 18:52:20,378.91,At Risk
C0021,2025-11-09 09:21:10,,,At Risk
C0021,2026-05-02 12:57:23,2025-11-09 09:21:10,174.15,At Risk
C0025,2025-03-15 19:43:09,,,At Risk
C0025,2025-06-04 08:59:26,2025-03-15 19:43:09,80.55,At Risk
C0025,2025-12-15 14:11:26,2025-06-04 08:59:26,194.22,At Risk
C0031,2026-01-07 08:04:22,,,At Risk
C0031,2026-05-25 11:40:08,2026-01-07 08:04:22,138.15,At Risk
C0032,2025-11-03 12:52:11,,,At Risk
C0032,2026-01-26 14:52:42,2025-11-03 12:52:11,84.08,At Risk
C0033,2025-07-13 19:48:07,,,At Risk
C0033,2026-01-16 15:44:50,2025-07-13 19:48:07,186.83,At Risk
C0034,2025-12-24 08:09:54,,,At Risk
C0034,2026-02-05 21:49:36,2025-12-24 08:09:54,43.57,At Risk
C0035,2025-08-19 10:28:04,,,At Risk
C0035,2026-04-27 19:49:32,2025-08-19 10:28:04,251.39,At Risk
C0037,2026-03-05 14:24:47,,,Active
C0037,2026-03-25 19:12:08,2026-03-05 14:24:47,20.2,Active
C0039,2025-07-26 10:24:13,,,At Risk
C0039,2026-06-01 10:07:23,2025-07-26 10:24:13,309.99,At Risk
C0039,2026-07-10 12:11:31,2026-06-01 10:07:23,39.09,At Risk
C0043,2025-09-10 14:25:49,,,At Risk
C0043,2026-01-11 16:52:48,2025-09-10 14:25:49,123.1,At Risk
C0043,2026-01-15 10:57:35,2026-01-11 16:52:48,3.75,At Risk
C0043,2026-01-27 18:20:33,2026-01-15 10:57:35,12.31,At Risk
C0044,2025-08-05 20:12:08,,,At Risk
C0044,2025-11-27 10:40:46,2025-08-05 20:12:08,113.6,At Risk
C0044,2026-07-18 10:41:54,2025-11-27 10:40:46,233.0,At Risk
C0045,2025-04-09 16:42:04,,,At Risk
C0045,2025-05-26 19:17:05,2025-04-09 16:42:04,47.11,At Risk
C0045,2026-05-23 13:33:48,2025-05-26 19:17:05,361.76,At Risk
C0045,2026-05-25 10:10:42,2026-05-23 13:33:48,1.86,At Risk
C0046,2025-08-22 19:32:00,,,At Risk
C0046,2025-12-30 10:41:39,2025-08-22 19:32:00,129.63,At Risk
C0046,2026-01-26 13:11:28,2025-12-30 10:41:39,27.1,At Risk
C0048,2025-12-13 09:48:26,,,At Risk
C0048,2026-02-02 15:58:29,2025-12-13 09:48:26,51.26,At Risk
C0049,2025-08-21 15:23:18,,,At Risk
C0049,2026-07-03 11:18:16,2025-08-21 15:23:18,315.83,At Risk
C0050,2025-05-18 15:00:33,,,At Risk
C0050,2026-03-31 08:38:00,2025-05-18 15:00:33,316.73,At Risk
C0050,2026-07-02 17:03:38,2026-03-31 08:38:00,93.35,At Risk
C0051,2025-11-02 13:58:05,,,At Risk
C0051,2026-07-25 21:52:13,2025-11-02 13:58:05,265.33,At Risk
C0052,2025-01-30 15:57:43,,,At Risk
C0052,2025-12-06 09:02:29,2025-01-30 15:57:43,309.71,At Risk
C0052,2026-04-13 12:16:29,2025-12-06 09:02:29,128.13,At Risk
C0054,2025-12-01 15:44:01,,,At Risk
C0054,2026-04-10 08:27:41,2025-12-01 15:44:01,129.7,At Risk
C0057,2025-03-24 17:56:21,,,At Risk
C0057,2026-04-02 13:05:20,2025-03-24 17:56:21,373.8,At Risk
C0062,2025-01-15 12:13:02,,,At Risk
C0062,2025-10-24 18:10:00,2025-01-15 12:13:02,282.25,At Risk
C0062,2026-03-21 17:46:40,2025-10-24 18:10:00,147.98,At Risk
C0063,2025-08-15 14:19:17,,,At Risk
C0063,2026-01-24 13:31:41,2025-08-15 14:19:17,161.97,At Risk
C0065,2025-01-07 18:46:39,,,At Risk
C0065,2025-02-16 17:11:21,2025-01-07 18:46:39,39.93,At Risk
C0065,2025-07-30 12:48:45,2025-02-16 17:11:21,163.82,At Risk
C0066,2026-02-05 14:13:25,,,At Risk
C0066,2026-03-22 14:20:55,2026-02-05 14:13:25,45.01,At Risk
C0067,2025-03-04 08:24:20,,,At Risk
C0067,2026-04-27 20:42:39,2025-03-04 08:24:20,419.51,At Risk
C0068,2026-02-03 11:29:14,,,At Risk
C0068,2026-05-02 21:33:21,2026-02-03 11:29:14,88.42,At Risk
C0069,2025-04-08 17:21:17,,,At Risk
C0069,2025-11-24 19:58:51,2025-04-08 17:21:17,230.11,At Risk
C0069,2026-01-11 10:41:35,2025-11-24 19:58:51,47.61,At Risk
C0071,2025-05-17 18:43:09,,,At Risk
C0071,2025-08-03 15:51:18,2025-05-17 18:43:09,77.88,At Risk
C0072,2025-01-07 09:55:31,,,At Risk
C0072,2026-04-01 10:19:25,2025-01-07 09:55:31,449.02,At Risk
C0072,2026-05-16 08:11:12,2026-04-01 10:19:25,44.91,At Risk
C0072,2026-05-18 15:27:25,2026-05-16 08:11:12,2.3,At Risk
C0073,2025-09-04 15:40:38,,,At Risk
C0073,2025-09-30 16:02:46,2025-09-04 15:40:38,26.02,At Risk
C0073,2025-11-27 20:03:47,2025-09-30 16:02:46,58.17,At Risk
C0079,2025-09-27 19:56:40,,,At Risk
C0079,2026-05-02 14:13:22,2025-09-27 19:56:40,216.76,At Risk
C0080,2025-09-09 15:40:47,,,At Risk
C0080,2026-03-03 19:20:17,2025-09-09 15:40:47,175.15,At Risk
C0082,2025-08-02 18:31:59,,,Active
C0082,2025-08-29 18:16:47,2025-08-02 18:31:59,26.99,Active
C0086,2025-01-21 08:55:57,,,Active
C0086,2025-01-21 20:24:27,2025-01-21 08:55:57,0.48,Active
C0088,2025-02-20 16:25:16,,,At Risk
C0088,2025-04-18 14:28:33,2025-02-20 16:25:16,56.92,At Risk
C0088,2025-12-16 12:32:10,2025-04-18 14:28:33,241.92,At Risk
C0088,2026-07-04 17:40:58,2025-12-16 12:32:10,200.21,At Risk
C0090,2025-02-15 18:54:38,,,At Risk
C0090,2026-04-06 12:22:55,2025-02-15 18:54:38,414.73,At Risk
C0090,2026-07-06 21:28:43,2026-04-06 12:22:55,91.38,At Risk
C0091,2025-06-12 15:50:48,,,At Risk
C0091,2025-09-01 13:20:10,2025-06-12 15:50:48,80.9,At Risk
C0091,2026-03-30 19:17:41,2025-09-01 13:20:10,210.25,At Risk
C0092,2025-05-28 10:16:49,,,At Risk
C0092,2025-06-02 21:46:20,2025-05-28 10:16:49,5.48,At Risk
C0092,2025-07-07 18:57:21,2025-06-02 21:46:20,34.88,At Risk
C0092,2026-03-16 17:16:09,2025-07-07 18:57:21,251.93,At Risk
C0092,2026-05-09 16:14:51,2026-03-16 17:16:09,53.96,At Risk
C0092,2026-06-09 14:06:01,2026-05-09 16:14:51,30.91,At Risk
C0093,2025-01-16 19:45:04,,,At Risk
C0093,2025-03-07 14:57:23,2025-01-16 19:45:04,49.8,At Risk
C0093,2026-06-22 12:31:56,2025-03-07 14:57:23,471.9,At Risk
C0094,2025-06-14 14:40:00,,,At Risk
C0094,2026-04-19 17:02:47,2025-06-14 14:40:00,309.1,At Risk
C0094,2026-07-25 16:00:52,2026-04-19 17:02:47,96.96,At Risk
C0095,2026-02-16 20:14:39,,,Active
C0095,2026-03-02 16:34:25,2026-02-16 20:14:39,13.85,Active
C0096,2025-12-02 17:00:55,,,At Risk
C0096,2026-06-17 16:18:13,2025-12-02 17:00:55,196.97,At Risk
C0099,2025-06-06 12:39:39,,,At Risk
C0099,2025-07-17 13:32:05,2025-06-06 12:39:39,41.04,At Risk
C0101,2025-11-15 12:53:31,,,At Risk
C0101,2026-05-28 19:22:03,2025-11-15 12:53:31,194.27,At Risk
C0103,2025-05-15 17:43:14,,,At Risk
C0103,2025-12-07 19:27:56,2025-05-15 17:43:14,206.07,At Risk
C0104,2025-01-17 11:13:04,,,At Risk
C0104,2025-04-13 09:36:49,2025-01-17 11:13:04,85.93,At Risk
C0104,2025-06-30 21:16:58,2025-04-13 09:36:49,78.49,At Risk
C0104,2025-10-03 16:37:43,2025-06-30 21:16:58,94.81,At Risk
C0104,2026-06-08 09:46:46,2025-10-03 16:37:43,247.71,At Risk
C0106,2025-06-20 13:10:16,,,At Risk
C0106,2026-05-25 19:41:01,2025-06-20 13:10:16,339.27,At Risk
C0106,2026-06-20 18:42:45,2026-05-25 19:41:01,25.96,At Risk
C0109,2025-05-01 12:07:50,,,At Risk
C0109,2026-02-08 13:37:59,2025-05-01 12:07:50,283.06,At Risk
C0109,2026-07-15 16:23:44,2026-02-08 13:37:59,157.12,At Risk
C0109,2026-07-26 19:35:26,2026-07-15 16:23:44,11.13,At Risk
C0110,2025-07-02 21:02:12,,,At Risk
C0110,2026-06-05 09:25:52,2025-07-02 21:02:12,337.52,At Risk
C0111,2025-10-13 10:49:29,,,At Risk
C0111,2025-12-09 21:16:15,2025-10-13 10:49:29,57.44,At Risk
C0115,2025-03-20 09:10:17,,,At Risk
C0115,2025-05-09 10:00:12,2025-03-20 09:10:17,50.03,At Risk
C0117,2025-03-07 21:52:06,,,At Risk
C0117,2025-05-22 13:15:34,2025-03-07 21:52:06,75.64,At Risk
C0117,2025-08-24 14:51:21,2025-05-22 13:15:34,94.07,At Risk
C0117,2026-07-17 16:07:36,2025-08-24 14:51:21,327.05,At Risk
C0121,2025-03-28 18:08:20,,,At Risk
C0121,2025-10-24 08:33:09,2025-03-28 18:08:20,209.6,At Risk
C0121,2026-06-04 09:10:40,2025-10-24 08:33:09,223.03,At Risk
C0124,2025-01-09 19:21:52,,,At Risk
C0124,2025-08-01 16:25:27,2025-01-09 19:21:52,203.88,At Risk
C0124,2025-09-22 14:52:57,2025-08-01 16:25:27,51.94,At Risk
C0128,2025-03-14 14:56:02,,,At Risk
C0128,2025-08-27 08:39:48,2025-03-14 14:56:02,165.74,At Risk
C0128,2025-12-29 09:03:48,2025-08-27 08:39:48,124.02,At Risk
C0132,2025-07-05 12:06:30,,,At Risk
C0132,2026-08-02 10:04:37,2025-07-05 12:06:30,392.92,At Risk
C0134,2025-04-05 08:27:56,,,At Risk
C0134,2025-10-22 19:31:24,2025-04-05 08:27:56,200.46,At Risk
C0134,2026-04-28 17:02:15,2025-10-22 19:31:24,187.9,At Risk
C0135,2025-01-20 11:14:46,,,At Risk
C0135,2025-06-05 20:12:06,2025-01-20 11:14:46,136.37,At Risk
C0135,2025-10-23 18:11:07,2025-06-05 20:12:06,139.92,At Risk
C0136,2025-03-12 11:24:24,,,At Risk
C0136,2025-04-11 21:33:43,2025-03-12 11:24:24,30.42,At Risk
C0136,2025-10-24 20:25:09,2025-04-11 21:33:43,195.95,At Risk
C0138,2025-05-11 17:37:10,,,At Risk
C0138,2026-02-27 14:35:33,2025-05-11 17:37:10,291.87,At Risk
C0138,2026-03-31 19:56:21,2026-02-27 14:35:33,32.22,At Risk
C0138,2026-07-18 09:18:30,2026-03-31 19:56:21,108.56,At Risk
C0140,2025-05-07 15:07:33,,,At Risk
C0140,2025-07-12 21:04:11,2025-05-07 15:07:33,66.25,At Risk
C0140,2025-09-14 09:45:58,2025-07-12 21:04:11,63.53,At Risk
C0140,2026-05-01 20:02:41,2025-09-14 09:45:58,229.43,At Risk
C0141,2025-09-07 17:05:03,,,At Risk
C0141,2025-12-27 21:09:00,2025-09-07 17:05:03,111.17,At Risk
C0141,2026-04-19 19:36:48,2025-12-27 21:09:00,112.94,At Risk
C0142,2025-01-25 15:29:49,,,At Risk
C0142,2025-10-29 15:51:08,2025-01-25 15:29:49,277.01,At Risk
C0142,2025-12-19 20:45:25,2025-10-29 15:51:08,51.2,At Risk
C0142,2026-07-09 18:51:12,2025-12-19 20:45:25,201.92,At Risk
C0144,2025-03-25 21:17:54,,,At Risk
C0144,2025-04-02 14:44:07,2025-03-25 21:17:54,7.73,At Risk
C0144,2025-12-06 14:48:47,2025-04-02 14:44:07,248.0,At Risk
C0146,2025-03-02 08:09:37,,,At Risk
C0146,2025-08-16 10:54:44,2025-03-02 08:09:37,167.11,At Risk
C0146,2025-11-02 14:06:20,2025-08-16 10:54:44,78.13,At Risk
C0147,2025-11-07 12:31:01,,,Active
C0147,2025-11-25 11:19:56,2025-11-07 12:31:01,17.95,Active
C0148,2025-02-08 10:17:25,,,At Risk
C0148,2026-03-21 19:04:07,2025-02-08 10:17:25,406.37,At Risk
C0149,2025-01-28 11:30:41,,,At Risk
C0149,2025-05-19 14:58:49,2025-01-28 11:30:41,111.14,At Risk
C0150,2025-07-08 13:53:56,,,At Risk
C0150,2025-11-15 17:56:34,2025-07-08 13:53:56,130.17,At Risk
C0152,2025-01-29 19:42:41,,,At Risk
C0152,2025-04-26 21:46:55,2025-01-29 19:42:41,87.09,At Risk
C0153,2025-01-01 20:09:42,,,At Risk
C0153,2025-02-24 11:07:50,2025-01-01 20:09:42,53.62,At Risk
C0154,2025-08-30 14:15:07,,,At Risk
C0154,2026-08-03 21:42:55,2025-08-30 14:15:07,338.31,At Risk
C0155,2025-02-07 18:59:41,,,At Risk
C0155,2025-06-18 13:47:31,2025-02-07 18:59:41,130.78,At Risk
C0155,2026-06-27 12:26:03,2025-06-18 13:47:31,373.94,At Risk
C0156,2025-01-31 16:17:14,,,At Risk
C0156,2026-01-05 18:42:15,2025-01-31 16:17:14,339.1,At Risk
C0157,2025-01-23 09:10:57,,,At Risk
C0157,2025-08-21 14:15:36,2025-01-23 09:10:57,210.21,At Risk
C0157,2025-12-01 16:44:14,2025-08-21 14:15:36,102.1,At Risk
C0158,2025-07-06 10:53:45,,,At Risk
C0158,2025-10-19 18:48:41,2025-07-06 10:53:45,105.33,At Risk
C0158,2026-01-25 19:50:40,2025-10-19 18:48:41,98.04,At Risk
C0159,2025-01-06 13:29:45,,,At Risk
C0159,2025-11-20 14:23:06,2025-01-06 13:29:45,318.04,At Risk
C0161,2025-08-06 15:30:02,,,At Risk
C0161,2026-04-27 15:35:54,2025-08-06 15:30:02,264.0,At Risk
C0161,2026-05-10 10:11:12,2026-04-27 15:35:54,12.77,At Risk
C0162,2025-11-18 17:05:07,,,At Risk
C0162,2026-01-04 11:41:00,2025-11-18 17:05:07,46.77,At Risk
C0165,2025-10-01 21:18:41,,,At Risk
C0165,2025-10-13 16:16:08,2025-10-01 21:18:41,11.79,At Risk
C0165,2026-04-12 10:39:59,2025-10-13 16:16:08,180.77,At Risk
C0166,2025-01-17 15:42:19,,,At Risk
C0166,2025-05-24 15:52:17,2025-01-17 15:42:19,127.01,At Risk
C0166,2025-08-24 15:50:44,2025-05-24 15:52:17,92.0,At Risk
C0167,2025-04-02 08:54:13,,,At Risk
C0167,2025-10-19 08:24:03,2025-04-02 08:54:13,199.98,At Risk
C0167,2026-05-17 19:26:52,2025-10-19 08:24:03,210.46,At Risk
C0168,2026-04-11 09:16:20,,,At Risk
C0168,2026-08-05 08:25:06,2026-04-11 09:16:20,115.96,At Risk
C0169,2025-12-13 13:25:49,,,At Risk
C0169,2026-05-10 19:01:27,2025-12-13 13:25:49,148.23,At Risk
C0172,2025-03-23 13:25:24,,,At Risk
C0172,2025-08-14 09:51:53,2025-03-23 13:25:24,143.85,At Risk
C0172,2026-04-20 18:09:55,2025-08-14 09:51:53,249.35,At Risk
C0173,2025-04-02 15:12:16,,,At Risk
C0173,2025-07-28 21:18:11,2025-04-02 15:12:16,117.25,At Risk
C0173,2026-02-15 19:37:06,2025-07-28 21:18:11,201.93,At Risk
C0175,2025-09-25 09:04:21,,,At Risk
C0175,2026-01-03 16:19:54,2025-09-25 09:04:21,100.3,At Risk
C0178,2025-05-25 11:08:05,,,Active
C0178,2025-05-31 09:48:28,2025-05-25 11:08:05,5.94,Active
C0180,2025-10-21 19:38:03,,,At Risk
C0180,2026-03-10 11:09:06,2025-10-21 19:38:03,139.65,At Risk
C0180,2026-07-05 10:35:46,2026-03-10 11:09:06,116.98,At Risk
C0182,2025-07-26 20:08:21,,,At Risk
C0182,2026-05-10 16:49:58,2025-07-26 20:08:21,287.86,At Risk
C0183,2025-02-08 09:04:03,,,At Risk
C0183,2026-01-26 09:25:16,2025-02-08 09:04:03,352.01,At Risk
C0184,2025-03-11 15:43:01,,,At Risk
C0184,2026-05-30 18:57:03,2025-03-11 15:43:01,445.13,At Risk
C0185,2025-05-31 08:10:16,,,At Risk
C0185,2025-07-19 16:21:43,2025-05-31 08:10:16,49.34,At Risk
C0186,2025-06-23 08:39:20,,,Active
C0186,2025-07-09 15:43:06,2025-06-23 08:39:20,16.29,Active
C0188,2025-04-06 13:52:21,,,At Risk
C0188,2025-07-10 11:03:47,2025-04-06 13:52:21,94.88,At Risk
C0189,2026-04-26 19:41:23,,,At Risk
C0189,2026-06-18 15:26:10,2026-04-26 19:41:23,52.82,At Risk
C0191,2025-05-22 17:24:27,,,At Risk
C0191,2025-06-05 08:34:01,2025-05-22 17:24:27,13.63,At Risk
C0191,2026-03-09 20:23:39,2025-06-05 08:34:01,277.49,At Risk
C0191,2026-03-18 10:11:23,2026-03-09 20:23:39,8.57,At Risk
C0191,2026-05-08 19:39:28,2026-03-18 10:11:23,51.39,At Risk
C0192,2025-06-26 13:13:58,,,At Risk
C0192,2025-09-29 13:58:55,2025-06-26 13:13:58,95.03,At Risk
C0193,2025-08-12 10:32:14,,,At Risk
C0193,2025-12-15 20:05:20,2025-08-12 10:32:14,125.4,At Risk
C0193,2025-12-17 15:22:48,2025-12-15 20:05:20,1.8,At Risk
C0201,2025-12-08 10:45:30,,,At Risk
C0201,2026-02-04 17:36:28,2025-12-08 10:45:30,58.29,At Risk
C0201,2026-07-23 14:54:24,2026-02-04 17:36:28,168.89,At Risk
C0206,2025-05-20 12:20:38,,,At Risk
C0206,2025-06-27 11:56:53,2025-05-20 12:20:38,37.98,At Risk
C0207,2025-11-07 12:36:28,,,At Risk
C0207,2025-12-19 11:12:40,2025-11-07 12:36:28,41.94,At Risk
C0207,2026-01-19 20:02:49,2025-12-19 11:12:40,31.37,At Risk
C0208,2025-10-04 14:14:47,,,At Risk
C0208,2026-03-28 15:00:27,2025-10-04 14:14:47,175.03,At Risk
C0209,2025-03-05 19:50:18,,,At Risk
C0209,2025-03-27 12:05:32,2025-03-05 19:50:18,21.68,At Risk
C0209,2025-10-10 18:25:48,2025-03-27 12:05:32,197.26,At Risk
C0209,2026-05-22 09:14:45,2025-10-10 18:25:48,223.62,At Risk
C0211,2025-06-10 08:06:21,,,At Risk
C0211,2025-09-16 15:44:09,2025-06-10 08:06:21,98.32,At Risk
C0211,2025-12-06 20:47:24,2025-09-16 15:44:09,81.21,At Risk
C0211,2026-02-03 21:13:08,2025-12-06 20:47:24,59.02,At Risk
C0212,2025-12-04 15:34:08,,,At Risk
C0212,2026-01-14 11:02:42,2025-12-04 15:34:08,40.81,At Risk
C0212,2026-05-07 11:06:01,2026-01-14 11:02:42,113.0,At Risk
C0215,2025-03-01 08:28:17,,,At Risk
C0215,2025-12-04 16:26:33,2025-03-01 08:28:17,278.33,At Risk
C0215,2026-03-02 15:19:15,2025-12-04 16:26:33,87.95,At Risk
C0224,2025-12-06 13:23:18,,,At Risk
C0224,2026-01-13 08:04:56,2025-12-06 13:23:18,37.78,At Risk
C0228,2025-05-05 08:03:53,,,At Risk
C0228,2025-07-14 13:46:45,2025-05-05 08:03:53,70.24,At Risk
C0228,2026-03-22 09:04:16,2025-07-14 13:46:45,250.8,At Risk
C0230,2025-06-27 17:51:00,,,At Risk
C0230,2026-05-21 16:47:29,2025-06-27 17:51:00,327.96,At Risk
C0232,2026-04-16 17:15:44,,,Active
C0232,2026-05-01 10:10:12,2026-04-16 17:15:44,14.7,Active
C0236,2025-02-24 11:09:03,,,At Risk
C0236,2025-10-30 10:12:21,2025-02-24 11:09:03,247.96,At Risk
C0236,2026-01-27 18:50:14,2025-10-30 10:12:21,89.36,At Risk
C0237,2025-08-10 16:06:06,,,At Risk
C0237,2025-10-01 17:36:39,2025-08-10 16:06:06,52.06,At Risk
C0240,2025-11-07 20:45:14,,,At Risk
C0240,2026-05-11 08:26:40,2025-11-07 20:45:14,184.49,At Risk
C0241,2025-03-02 08:21:59,,,At Risk
C0241,2025-08-13 11:28:55,2025-03-02 08:21:59,164.13,At Risk
C0241,2026-05-12 16:07:04,2025-08-13 11:28:55,272.19,At Risk
C0241,2026-05-14 13:22:08,2026-05-12 16:07:04,1.89,At Risk
C0241,2026-07-18 18:24:25,2026-05-14 13:22:08,65.21,At Risk
C0242,2025-05-30 08:18:16,,,At Risk
C0242,2025-09-19 12:05:59,2025-05-30 08:18:16,112.16,At Risk
C0242,2026-01-14 20:11:16,2025-09-19 12:05:59,117.34,At Risk
C0245,2025-08-12 10:22:18,,,At Risk
C0245,2025-11-14 19:27:46,2025-08-12 10:22:18,94.38,At Risk
C0246,2025-09-27 09:27:40,,,At Risk
C0246,2025-10-30 18:03:50,2025-09-27 09:27:40,33.36,At Risk
C0247,2025-04-20 09:33:09,,,At Risk
C0247,2025-06-13 09:15:42,2025-04-20 09:33:09,53.99,At Risk
C0248,2026-05-26 19:12:15,,,Active
C0248,2026-05-27 10:40:19,2026-05-26 19:12:15,0.64,Active
C0250,2025-04-22 18:51:10,,,At Risk
C0250,2026-01-22 17:30:49,2025-04-22 18:51:10,274.94,At Risk
C0251,2025-03-23 17:38:00,,,At Risk
C0251,2026-03-04 10:31:58,2025-03-23 17:38:00,345.7,At Risk
C0254,2025-10-29 20:09:20,,,At Risk
C0254,2026-07-14 11:27:06,2025-10-29 20:09:20,257.64,At Risk
C0255,2025-04-08 14:42:46,,,At Risk
C0255,2026-06-01 14:26:38,2025-04-08 14:42:46,418.99,At Risk
C0256,2025-05-10 19:55:08,,,At Risk
C0256,2026-04-03 08:16:13,2025-05-10 19:55:08,327.51,At Risk
C0257,2025-02-05 09:04:36,,,At Risk
C0257,2025-03-16 12:42:04,2025-02-05 09:04:36,39.15,At Risk
C0257,2025-07-05 11:57:53,2025-03-16 12:42:04,110.97,At Risk
C0265,2025-03-14 17:52:14,,,At Risk
C0265,2025-05-04 16:14:31,2025-03-14 17:52:14,50.93,At Risk
C0265,2025-05-28 21:57:39,2025-05-04 16:14:31,24.24,At Risk
C0265,2026-07-19 13:22:10,2025-05-28 21:57:39,416.64,At Risk
C0270,2025-06-08 15:18:52,,,At Risk
C0270,2025-12-28 16:34:00,2025-06-08 15:18:52,203.05,At Risk
C0272,2025-01-26 10:28:14,,,At Risk
C0272,2025-08-01 15:19:29,2025-01-26 10:28:14,187.2,At Risk
C0272,2026-04-17 13:09:08,2025-08-01 15:19:29,258.91,At Risk
C0276,2025-07-11 16:16:15,,,At Risk
C0276,2026-01-16 10:47:49,2025-07-11 16:16:15,188.77,At Risk
C0278,2025-01-09 09:24:42,,,At Risk
C0278,2025-10-01 17:41:25,2025-01-09 09:24:42,265.34,At Risk
C0279,2025-01-31 13:51:27,,,At Risk
C0279,2026-05-03 15:55:34,2025-01-31 13:51:27,457.09,At Risk
C0280,2025-03-21 18:48:00,,,At Risk
C0280,2025-09-25 20:45:28,2025-03-21 18:48:00,188.08,At Risk
C0280,2025-12-29 21:27:39,2025-09-25 20:45:28,95.03,At Risk
C0280,2026-01-20 09:00:26,2025-12-29 21:27:39,21.48,At Risk
C0282,2025-01-13 08:33:46,,,At Risk
C0282,2025-09-16 10:39:17,2025-01-13 08:33:46,246.09,At Risk
C0283,2025-08-08 21:20:01,,,At Risk
C0283,2026-02-11 16:20:54,2025-08-08 21:20:01,186.79,At Risk
C0285,2025-04-03 10:54:47,,,At Risk
C0285,2026-05-19 13:15:21,2025-04-03 10:54:47,411.1,At Risk
C0285,2026-06-24 11:50:59,2026-05-19 13:15:21,35.94,At Risk
C0288,2025-03-02 17:22:34,,,At Risk
C0288,2025-11-17 08:08:31,2025-03-02 17:22:34,259.62,At Risk
C0289,2025-01-12 18:12:44,,,At Risk
C0289,2025-09-25 08:49:19,2025-01-12 18:12:44,255.61,At Risk
C0291,2025-02-14 08:12:12,,,At Risk
C0291,2025-08-05 15:17:20,2025-02-14 08:12:12,172.3,At Risk
C0291,2026-04-02 13:14:46,2025-08-05 15:17:20,239.91,At Risk
C0291,2026-08-01 18:01:56,2026-04-02 13:14:46,121.2,At Risk
C0296,2025-06-27 16:10:31,,,At Risk
C0296,2026-06-18 20:26:41,2025-06-27 16:10:31,356.18,At Risk
C0296,2026-06-28 21:27:00,2026-06-18 20:26:41,10.04,At Risk
C0299,2025-06-23 17:03:42,,,At Risk
C0299,2025-11-29 21:24:00,2025-06-23 17:03:42,159.18,At Risk
C0302,2025-04-20 16:04:32,,,At Risk
C0302,2025-06-29 14:19:46,2025-04-20 16:04:32,69.93,At Risk
C0302,2025-07-21 20:46:12,2025-06-29 14:19:46,22.27,At Risk
C0306,2025-06-21 09:52:02,,,At Risk
C0306,2025-11-29 21:17:16,2025-06-21 09:52:02,161.48,At Risk
C0306,2026-06-18 09:16:30,2025-11-29 21:17:16,200.5,At Risk
C0310,2025-01-17 16:08:56,,,At Risk
C0310,2025-10-24 16:31:02,2025-01-17 16:08:56,280.02,At Risk
C0312,2025-09-22 11:53:49,,,At Risk
C0312,2025-11-03 17:50:58,2025-09-22 11:53:49,42.25,At Risk
C0312,2026-06-20 20:21:11,2025-11-03 17:50:58,229.1,At Risk
C0316,2025-03-25 15:54:07,,,At Risk
C0316,2025-08-03 19:25:44,2025-03-25 15:54:07,131.15,At Risk
C0316,2026-01-05 09:05:00,2025-08-03 19:25:44,154.57,At Risk
C0316,2026-02-03 10:38:07,2026-01-05 09:05:00,29.06,At Risk
C0318,2026-03-19 19:51:58,,,At Risk
C0318,2026-05-11 19:55:33,2026-03-19 19:51:58,53.0,At Risk
C0320,2025-06-18 15:27:08,,,At Risk
C0320,2025-09-08 11:15:41,2025-06-18 15:27:08,81.83,At Risk
C0321,2025-02-10 21:18:23,,,Active
C0321,2025-02-18 14:24:26,2025-02-10 21:18:23,7.71,Active
C0322,2025-03-23 10:21:14,,,At Risk
C0322,2025-11-03 21:44:35,2025-03-23 10:21:14,225.47,At Risk
C0323,2025-02-03 10:59:54,,,At Risk
C0323,2026-01-15 18:56:21,2025-02-03 10:59:54,346.33,At Risk
C0323,2026-03-17 09:24:28,2026-01-15 18:56:21,60.6,At Risk
C0324,2025-06-06 17:36:23,,,At Risk
C0324,2026-06-05 19:06:57,2025-06-06 17:36:23,364.06,At Risk
C0324,2026-06-18 12:36:46,2026-06-05 19:06:57,12.73,At Risk
C0329,2025-05-18 12:47:28,,,At Risk
C0329,2025-09-07 08:43:56,2025-05-18 12:47:28,111.83,At Risk
C0329,2025-11-16 18:57:13,2025-09-07 08:43:56,70.43,At Risk
C0329,2026-01-08 20:39:15,2025-11-16 18:57:13,53.07,At Risk
C0329,2026-03-10 13:22:12,2026-01-08 20:39:15,60.7,At Risk
C0332,2025-11-12 12:32:35,,,At Risk
C0332,2026-04-10 12:49:27,2025-11-12 12:32:35,149.01,At Risk
C0334,2025-03-20 20:06:32,,,At Risk
C0334,2025-11-30 14:12:47,2025-03-20 20:06:32,254.75,At Risk
C0335,2025-11-19 20:25:44,,,At Risk
C0335,2026-01-13 16:00:10,2025-11-19 20:25:44,54.82,At Risk
C0335,2026-03-02 16:06:52,2026-01-13 16:00:10,48.0,At Risk
C0336,2025-09-24 10:43:37,,,At Risk
C0336,2026-06-17 19:15:06,2025-09-24 10:43:37,266.36,At Risk
C0337,2025-12-16 11:29:38,,,At Risk
C0337,2026-05-26 18:06:56,2025-12-16 11:29:38,161.28,At Risk
C0340,2025-01-05 19:34:32,,,At Risk
C0340,2025-02-09 14:56:56,2025-01-05 19:34:32,34.81,At Risk
C0340,2025-10-11 21:23:08,2025-02-09 14:56:56,244.27,At Risk
C0340,2025-11-11 14:50:56,2025-10-11 21:23:08,30.73,At Risk
C0341,2025-03-14 14:57:44,,,At Risk
C0341,2025-08-11 15:13:55,2025-03-14 14:57:44,150.01,At Risk
C0343,2025-04-12 10:41:23,,,At Risk
C0343,2025-10-19 11:27:16,2025-04-12 10:41:23,190.03,At Risk
C0345,2025-02-12 15:32:39,,,At Risk
C0345,2025-04-13 19:43:13,2025-02-12 15:32:39,60.17,At Risk
C0346,2025-07-04 16:25:32,,,At Risk
C0346,2025-09-30 15:30:48,2025-07-04 16:25:32,87.96,At Risk
C0346,2026-05-27 16:41:43,2025-09-30 15:30:48,239.05,At Risk
C0347,2025-03-18 16:57:05,,,At Risk
C0347,2025-06-29 11:21:53,2025-03-18 16:57:05,102.77,At Risk
C0347,2026-08-02 11:42:55,2025-06-29 11:21:53,399.01,At Risk
C0348,2025-06-23 16:31:59,,,At Risk
C0348,2026-06-04 11:37:58,2025-06-23 16:31:59,345.8,At Risk
C0351,2025-09-28 10:46:43,,,At Risk
C0351,2026-02-13 18:47:52,2025-09-28 10:46:43,138.33,At Risk
C0351,2026-03-18 20:27:36,2026-02-13 18:47:52,33.07,At Risk
C0352,2025-05-14 17:54:31,,,At Risk
C0352,2025-11-16 17:03:57,2025-05-14 17:54:31,185.96,At Risk
C0356,2026-02-07 19:10:01,,,At Risk
C0356,2026-05-15 11:20:35,2026-02-07 19:10:01,96.67,At Risk
C0357,2025-04-29 21:46:09,,,At Risk
C0357,2025-07-14 17:11:34,2025-04-29 21:46:09,75.81,At Risk
C0357,2026-04-18 21:10:18,2025-07-14 17:11:34,278.17,At Risk
C0363,2025-08-02 17:43:21,,,At Risk
C0363,2025-09-23 16:36:39,2025-08-02 17:43:21,51.95,At Risk
C0365,2025-06-01 09:45:15,,,At Risk
C0365,2025-10-07 13:26:40,2025-06-01 09:45:15,128.15,At Risk
C0365,2026-02-13 14:39:03,2025-10-07 13:26:40,129.05,At Risk
C0366,2025-06-24 08:02:42,,,At Risk
C0366,2026-01-25 09:27:22,2025-06-24 08:02:42,215.06,At Risk
C0367,2025-01-21 20:17:43,,,At Risk
C0367,2025-02-16 19:54:04,2025-01-21 20:17:43,25.98,At Risk
C0367,2025-03-01 20:30:33,2025-02-16 19:54:04,13.03,At Risk
C0367,2025-07-17 08:44:24,2025-03-01 20:30:33,137.51,At Risk
C0367,2026-05-18 20:36:35,2025-07-17 08:44:24,305.49,At Risk
C0368,2025-01-01 19:35:52,,,At Risk
C0368,2025-01-20 14:50:45,2025-01-01 19:35:52,18.8,At Risk
C0368,2025-06-30 11:37:20,2025-01-20 14:50:45,160.87,At Risk
C0368,2025-07-05 17:24:49,2025-06-30 11:37:20,5.24,At Risk
C0368,2026-01-25 15:34:41,2025-07-05 17:24:49,203.92,At Risk
C0368,2026-04-07 17:03:55,2026-01-25 15:34:41,72.06,At Risk
C0369,2025-03-20 15:29:32,,,At Risk
C0369,2025-07-01 15:47:37,2025-03-20 15:29:32,103.01,At Risk
C0371,2026-01-24 17:06:20,,,At Risk
C0371,2026-04-15 21:33:50,2026-01-24 17:06:20,81.19,At Risk
C0371,2026-05-20 09:38:47,2026-04-15 21:33:50,34.5,At Risk
C0372,2025-10-12 20:59:09,,,At Risk
C0372,2025-11-05 12:43:44,2025-10-12 20:59:09,23.66,At Risk
C0372,2026-05-07 13:19:44,2025-11-05 12:43:44,183.02,At Risk
C0377,2025-05-15 13:42:06,,,At Risk
C0377,2025-08-19 18:45:45,2025-05-15 13:42:06,96.21,At Risk
C0377,2026-06-30 12:28:39,2025-08-19 18:45:45,314.74,At Risk
C0378,2026-02-17 16:47:17,,,At Risk
C0378,2026-06-06 19:31:40,2026-02-17 16:47:17,109.11,At Risk
C0382,2025-04-24 19:03:53,,,At Risk
C0382,2025-11-09 15:15:23,2025-04-24 19:03:53,198.84,At Risk
C0383,2025-01-10 11:32:29,,,At Risk
C0383,2025-02-15 21:14:12,2025-01-10 11:32:29,36.4,At Risk
C0383,2025-08-25 20:00:35,2025-02-15 21:14:12,190.95,At Risk
C0383,2025-11-02 18:56:58,2025-08-25 20:00:35,68.96,At Risk
C0384,2025-01-05 08:55:32,,,At Risk
C0384,2025-01-08 16:42:53,2025-01-05 08:55:32,3.32,At Risk
C0384,2025-07-14 11:34:24,2025-01-08 16:42:53,186.79,At Risk
C0384,2026-03-12 14:36:10,2025-07-14 11:34:24,241.13,At Risk
C0385,2025-09-04 17:34:13,,,At Risk
C0385,2025-10-15 21:01:21,2025-09-04 17:34:13,41.14,At Risk
C0387,2025-02-02 09:25:24,,,At Risk
C0387,2025-06-20 09:18:05,2025-02-02 09:25:24,137.99,At Risk
C0387,2026-08-03 15:57:21,2025-06-20 09:18:05,409.28,At Risk
C0389,2025-01-01 20:40:32,,,At Risk
C0389,2025-11-03 13:23:57,2025-01-01 20:40:32,305.7,At Risk
C0393,2025-05-16 15:04:14,,,At Risk
C0393,2025-09-08 08:30:23,2025-05-16 15:04:14,114.73,At Risk
C0393,2025-12-19 12:08:06,2025-09-08 08:30:23,102.15,At Risk
C0393,2026-03-16 14:27:30,2025-12-19 12:08:06,87.1,At Risk
C0393,2026-05-23 20:26:49,2026-03-16 14:27:30,68.25,At Risk
C0394,2025-01-13 09:49:05,,,At Risk
C0394,2025-05-24 20:07:37,2025-01-13 09:49:05,131.43,At Risk
C0394,2025-07-27 10:35:02,2025-05-24 20:07:37,63.6,At Risk
C0394,2025-09-07 16:10:30,2025-07-27 10:35:02,42.23,At Risk
C0394,2026-05-02 10:12:35,2025-09-07 16:10:30,236.75,At Risk
C0397,2025-08-21 16:03:53,,,At Risk
C0397,2026-01-21 21:38:22,2025-08-21 16:03:53,153.23,At Risk
C0398,2025-02-02 17:41:53,,,At Risk
C0398,2025-08-13 17:54:51,2025-02-02 17:41:53,192.01,At Risk
C0398,2025-10-11 20:03:24,2025-08-13 17:54:51,59.09,At Risk
C0398,2025-12-19 17:32:20,2025-10-11 20:03:24,68.9,At Risk
C0398,2026-06-25 18:20:38,2025-12-19 17:32:20,188.03,At Risk
C0399,2025-06-16 17:15:36,,,At Risk
C0399,2025-07-22 15:37:27,2025-06-16 17:15:36,35.93,At Risk
C0399,2025-08-18 19:41:35,2025-07-22 15:37:27,27.17,At Risk
C0399,2026-02-19 14:20:01,2025-08-18 19:41:35,184.78,At Risk
C0399,2026-06-18 18:13:30,2026-02-19 14:20:01,119.16,At Risk
C0400,2025-05-15 12:46:45,,,At Risk
C0400,2025-11-17 13:53:37,2025-05-15 12:46:45,186.05,At Risk
C0400,2026-03-24 14:15:10,2025-11-17 13:53:37,127.01,At Risk
C0400,2026-06-30 11:24:43,2026-03-24 14:15:10,97.88,At Risk
C0401,2025-07-12 15:05:05,,,At Risk
C0401,2025-09-30 10:44:21,2025-07-12 15:05:05,79.82,At Risk
C0403,2025-03-28 14:23:11,,,At Risk
C0403,2025-07-03 20:11:53,2025-03-28 14:23:11,97.24,At Risk
C0403,2025-07-20 11:07:59,2025-07-03 20:11:53,16.62,At Risk
C0403,2025-09-06 13:24:17,2025-07-20 11:07:59,48.09,At Risk
C0403,2025-09-11 20:53:43,2025-09-06 13:24:17,5.31,At Risk
C0403,2025-11-01 11:06:03,2025-09-11 20:53:43,50.59,At Risk
C0403,2026-07-24 19:45:31,2025-11-01 11:06:03,265.36,At Risk
C0405,2026-01-05 19:43:44,,,At Risk
C0405,2026-02-24 14:14:57,2026-01-05 19:43:44,49.77,At Risk
C0406,2025-08-03 08:12:52,,,At Risk
C0406,2026-01-09 09:23:45,2025-08-03 08:12:52,159.05,At Risk
C0407,2025-09-16 21:22:17,,,At Risk
C0407,2026-01-13 21:29:32,2025-09-16 21:22:17,119.01,At Risk
C0408,2025-02-20 11:18:28,,,At Risk
C0408,2025-05-17 21:20:44,2025-02-20 11:18:28,86.42,At Risk
C0408,2025-05-28 20:52:45,2025-05-17 21:20:44,10.98,At Risk
C0411,2025-02-08 19:24:59,,,At Risk
C0411,2026-01-03 13:43:19,2025-02-08 19:24:59,328.76,At Risk
C0412,2025-01-04 15:55:44,,,At Risk
C0412,2025-02-19 11:47:02,2025-01-04 15:55:44,45.83,At Risk
C0412,2026-01-01 13:11:00,2025-02-19 11:47:02,316.06,At Risk
C0412,2026-07-19 09:19:01,2026-01-01 13:11:00,198.84,At Risk
C0414,2025-12-13 11:38:54,,,Active
C0414,2025-12-14 11:26:27,2025-12-13 11:38:54,0.99,Active
C0415,2025-12-31 15:42:38,,,At Risk
C0415,2026-03-08 18:39:36,2025-12-31 15:42:38,67.12,At Risk
C0416,2025-12-12 20:46:02,,,At Risk
C0416,2026-02-14 13:42:25,2025-12-12 20:46:02,63.71,At Risk
C0417,2025-04-02 11:28:13,,,At Risk
C0417,2025-06-18 15:29:20,2025-04-02 11:28:13,77.17,At Risk
C0420,2025-06-07 17:18:20,,,At Risk
C0420,2026-05-20 10:52:45,2025-06-07 17:18:20,346.73,At Risk
C0422,2025-01-09 21:04:00,,,At Risk
C0422,2025-04-08 10:48:50,2025-01-09 21:04:00,88.57,At Risk
C0422,2026-05-10 15:07:56,2025-04-08 10:48:50,397.18,At Risk
C0422,2026-07-21 21:14:05,2026-05-10 15:07:56,72.25,At Risk
C0424,2025-11-24 11:23:20,,,At Risk
C0424,2026-07-04 13:29:50,2025-11-24 11:23:20,222.09,At Risk
C0426,2025-03-28 10:41:51,,,At Risk
C0426,2026-01-05 16:47:56,2025-03-28 10:41:51,283.25,At Risk
C0427,2026-01-26 20:33:20,,,At Risk
C0427,2026-06-23 20:36:11,2026-01-26 20:33:20,148.0,At Risk
C0428,2025-06-02 17:57:00,,,At Risk
C0428,2025-11-20 16:04:17,2025-06-02 17:57:00,170.92,At Risk
C0428,2025-12-24 09:55:02,2025-11-20 16:04:17,33.74,At Risk
C0428,2026-05-19 08:06:04,2025-12-24 09:55:02,145.92,At Risk
C0429,2025-04-24 21:29:29,,,At Risk
C0429,2026-02-15 16:32:59,2025-04-24 21:29:29,296.79,At Risk
C0429,2026-08-03 13:39:19,2026-02-15 16:32:59,168.88,At Risk
C0430,2025-02-06 16:51:58,,,At Risk
C0430,2025-04-17 11:33:15,2025-02-06 16:51:58,69.78,At Risk
C0430,2025-07-03 20:45:03,2025-04-17 11:33:15,77.38,At Risk
C0430,2026-06-20 21:58:32,2025-07-03 20:45:03,352.05,At Risk
C0431,2025-01-16 15:13:21,,,At Risk
C0431,2026-07-09 10:30:22,2025-01-16 15:13:21,538.8,At Risk
C0434,2025-03-24 16:58:12,,,At Risk
C0434,2025-05-12 08:33:51,2025-03-24 16:58:12,48.65,At Risk
C0434,2025-09-17 12:54:34,2025-05-12 08:33:51,128.18,At Risk
C0435,2025-06-18 19:12:15,,,At Risk
C0435,2026-01-29 13:14:11,2025-06-18 19:12:15,224.75,At Risk
C0435,2026-03-30 12:10:51,2026-01-29 13:14:11,59.96,At Risk
C0436,2025-05-09 11:08:05,,,At Risk
C0436,2026-01-05 15:06:09,2025-05-09 11:08:05,241.17,At Risk
C0438,2025-06-07 08:23:00,,,At Risk
C0438,2025-11-04 21:15:33,2025-06-07 08:23:00,150.54,At Risk
C0438,2026-01-02 18:29:44,2025-11-04 21:15:33,58.88,At Risk
C0438,2026-01-05 14:09:45,2026-01-02 18:29:44,2.82,At Risk
C0441,2025-01-18 16:52:44,,,At Risk
C0441,2025-02-02 20:04:21,2025-01-18 16:52:44,15.13,At Risk
C0441,2026-01-16 14:48:40,2025-02-02 20:04:21,347.78,At Risk
C0441,2026-05-04 12:00:49,2026-01-16 14:48:40,107.88,At Risk
C0442,2025-03-21 08:49:30,,,At Risk
C0442,2025-04-15 10:05:11,2025-03-21 08:49:30,25.05,At Risk
C0442,2026-07-07 21:00:57,2025-04-15 10:05:11,448.46,At Risk
C0445,2025-08-12 09:15:40,,,At Risk
C0445,2025-09-23 21:43:06,2025-08-12 09:15:40,42.52,At Risk
C0445,2025-12-09 13:56:52,2025-09-23 21:43:06,76.68,At Risk
C0445,2026-06-17 17:33:21,2025-12-09 13:56:52,190.15,At Risk
C0447,2025-03-03 10:19:37,,,At Risk
C0447,2025-06-20 17:19:23,2025-03-03 10:19:37,109.29,At Risk
C0447,2025-09-24 10:45:29,2025-06-20 17:19:23,95.73,At Risk
C0447,2025-11-14 15:31:35,2025-09-24 10:45:29,51.2,At Risk
C0449,2025-04-17 19:03:59,,,At Risk
C0449,2025-06-24 13:22:57,2025-04-17 19:03:59,67.76,At Risk
C0452,2025-02-12 13:36:08,,,At Risk
C0452,2025-09-22 21:16:11,2025-02-12 13:36:08,222.32,At Risk
C0452,2025-10-11 16:20:49,2025-09-22 21:16:11,18.79,At Risk
C0453,2025-06-10 19:18:45,,,At Risk
C0453,2025-08-12 17:41:06,2025-06-10 19:18:45,62.93,At Risk
C0453,2025-11-09 10:22:39,2025-08-12 17:41:06,88.7,At Risk
C0455,2025-02-19 19:07:26,,,At Risk
C0455,2025-03-18 08:04:12,2025-02-19 19:07:26,26.54,At Risk
C0455,2026-02-23 18:31:26,2025-03-18 08:04:12,342.44,At Risk
C0455,2026-07-29 09:13:46,2026-02-23 18:31:26,155.61,At Risk
C0456,2025-05-18 20:05:18,,,At Risk
C0456,2026-07-06 08:57:53,2025-05-18 20:05:18,413.54,At Risk
C0457,2025-05-09 12:36:26,,,At Risk
C0457,2026-01-19 16:51:32,2025-05-09 12:36:26,255.18,At Risk
C0460,2026-03-10 20:24:04,,,At Risk
C0460,2026-05-22 17:41:22,2026-03-10 20:24:04,72.89,At Risk
C0461,2025-07-28 13:41:05,,,At Risk
C0461,2026-05-03 21:40:06,2025-07-28 13:41:05,279.33,At Risk
C0461,2026-05-12 15:01:55,2026-05-03 21:40:06,8.72,At Risk
C0462,2025-01-31 18:17:50,,,At Risk
C0462,2025-03-13 11:20:31,2025-01-31 18:17:50,40.71,At Risk
C0462,2025-05-27 18:17:33,2025-03-13 11:20:31,75.29,At Risk
C0462,2026-05-14 10:32:07,2025-05-27 18:17:33,351.68,At Risk
C0463,2025-05-26 15:53:41,,,At Risk
C0463,2025-10-03 18:26:24,2025-05-26 15:53:41,130.11,At Risk
C0463,2026-05-02 09:21:36,2025-10-03 18:26:24,210.62,At Risk
C0463,2026-07-05 14:58:35,2026-05-02 09:21:36,64.23,At Risk
C0465,2025-11-28 15:01:11,,,At Risk
C0465,2026-02-16 12:39:32,2025-11-28 15:01:11,79.9,At Risk
C0466,2025-02-25 21:14:54,,,At Risk
C0466,2025-05-29 11:59:39,2025-02-25 21:14:54,92.61,At Risk
C0466,2025-11-01 13:37:46,2025-05-29 11:59:39,156.07,At Risk
C0468,2025-02-09 16:06:28,,,At Risk
C0468,2025-11-08 16:35:13,2025-02-09 16:06:28,272.02,At Risk
C0468,2025-11-11 21:50:06,2025-11-08 16:35:13,3.22,At Risk
C0468,2026-07-07 10:37:38,2025-11-11 21:50:06,237.53,At Risk
C0469,2025-04-27 13:22:54,,,At Risk
C0469,2025-05-07 20:57:28,2025-04-27 13:22:54,10.32,At Risk
C0469,2025-07-11 13:20:12,2025-05-07 20:57:28,64.68,At Risk
C0469,2025-08-19 16:18:10,2025-07-11 13:20:12,39.12,At Risk
C0469,2025-12-17 14:36:57,2025-08-19 16:18:10,119.93,At Risk
C0470,2026-01-14 17:43:41,,,Active
C0470,2026-02-19 15:49:09,2026-01-14 17:43:41,35.92,Active
C0470,2026-02-27 19:57:23,2026-02-19 15:49:09,8.17,Active
C0472,2025-05-16 20:08:32,,,At Risk
C0472,2025-09-11 19:02:12,2025-05-16 20:08:32,117.95,At Risk
C0474,2025-06-13 13:35:27,,,At Risk
C0474,2025-08-10 17:30:53,2025-06-13 13:35:27,58.16,At Risk
C0474,2025-09-16 11:32:02,2025-08-10 17:30:53,36.75,At Risk
C0475,2025-04-06 08:32:21,,,At Risk
C0475,2025-11-04 21:45:09,2025-04-06 08:32:21,212.55,At Risk
C0475,2026-05-14 09:37:38,2025-11-04 21:45:09,190.49,At Risk
C0475,2026-07-06 11:05:19,2026-05-14 09:37:38,53.06,At Risk
C0477,2025-02-17 14:04:56,,,Active
C0477,2025-02-22 09:24:23,2025-02-17 14:04:56,4.81,Active
C0477,2025-04-10 15:19:43,2025-02-22 09:24:23,47.25,Active
C0479,2025-07-13 18:30:44,,,At Risk
C0479,2026-05-27 11:42:52,2025-07-13 18:30:44,317.72,At Risk
C0481,2025-06-15 12:46:12,,,At Risk
C0481,2026-04-26 15:32:57,2025-06-15 12:46:12,315.12,At Risk
C0485,2025-04-16 09:04:59,,,At Risk
C0485,2026-01-21 10:48:34,2025-04-16 09:04:59,280.07,At Risk
C0487,2025-08-08 16:54:45,,,At Risk
C0487,2026-01-13 15:39:43,2025-08-08 16:54:45,157.95,At Risk
C0487,2026-04-10 15:01:04,2026-01-13 15:39:43,86.97,At Risk
C0487,2026-07-03 18:55:59,2026-04-10 15:01:04,84.16,At Risk
C0488,2025-07-31 16:30:22,,,At Risk
C0488,2025-10-18 14:44:51,2025-07-31 16:30:22,78.93,At Risk
C0488,2026-03-23 21:16:40,2025-10-18 14:44:51,156.27,At Risk
C0488,2026-05-21 11:13:37,2026-03-23 21:16:40,58.58,At Risk
C0489,2025-01-27 13:05:44,,,At Risk
C0489,2025-04-11 14:08:16,2025-01-27 13:05:44,74.04,At Risk
C0490,2025-12-17 08:37:15,,,Active
C0490,2026-02-25 20:20:28,2025-12-17 08:37:15,70.49,Active
C0490,2026-03-11 19:15:15,2026-02-25 20:20:28,13.95,Active
C0490,2026-03-24 09:58:51,2026-03-11 19:15:15,12.61,Active
C0490,2026-04-13 12:53:24,2026-03-24 09:58:51,20.12,Active
C0491,2025-08-05 11:47:07,,,At Risk
C0491,2025-12-13 19:07:46,2025-08-05 11:47:07,130.31,At Risk
C0491,2026-05-26 14:56:35,2025-12-13 19:07:46,163.83,At Risk
C0494,2025-10-17 12:43:06,,,At Risk
C0494,2026-01-29 19:52:49,2025-10-17 12:43:06,104.3,At Risk
C0494,2026-04-05 17:30:55,2026-01-29 19:52:49,65.9,At Risk
C0494,2026-04-17 17:55:01,2026-04-05 17:30:55,12.02,At Risk
C0494,2026-05-31 20:07:05,2026-04-17 17:55:01,44.09,At Risk
C0495,2025-04-17 14:58:37,,,At Risk
C0495,2026-01-11 08:02:36,2025-04-17 14:58:37,268.71,At Risk
C0495,2026-06-20 20:16:35,2026-01-11 08:02:36,160.51,At Risk
C0499,2025-01-17 10:46:56,,,At Risk
C0499,2026-04-02 13:49:19,2025-01-17 10:46:56,440.13,At Risk
C0499,2026-07-01 19:20:50,2026-04-02 13:49:19,90.23,At Risk
C0501,2025-05-10 21:32:37,,,At Risk
C0501,2025-08-09 10:52:47,2025-05-10 21:32:37,90.56,At Risk
C0502,2025-07-01 15:55:39,,,At Risk
C0502,2026-02-09 19:23:24,2025-07-01 15:55:39,223.14,At Risk
C0504,2025-02-04 12:55:05,,,At Risk
C0504,2025-11-25 14:37:02,2025-02-04 12:55:05,294.07,At Risk
C0504,2026-04-09 12:44:39,2025-11-25 14:37:02,134.92,At Risk
C0505,2025-05-03 09:43:42,,,At Risk
C0505,2025-05-23 12:19:17,2025-05-03 09:43:42,20.11,At Risk
C0505,2026-03-06 10:56:26,2025-05-23 12:19:17,286.94,At Risk
C0508,2025-09-15 11:46:40,,,At Risk
C0508,2026-04-11 20:58:02,2025-09-15 11:46:40,208.38,At Risk
C0508,2026-06-02 21:30:54,2026-04-11 20:58:02,52.02,At Risk
C0509,2025-02-02 12:26:05,,,At Risk
C0509,2025-08-15 18:36:06,2025-02-02 12:26:05,194.26,At Risk
C0509,2026-03-20 21:46:25,2025-08-15 18:36:06,217.13,At Risk
C0510,2025-05-24 19:01:41,,,At Risk
C0510,2026-03-19 14:23:51,2025-05-24 19:01:41,298.81,At Risk
C0511,2025-09-17 08:29:31,,,At Risk
C0511,2026-02-09 21:16:37,2025-09-17 08:29:31,145.53,At Risk
C0512,2025-01-10 19:10:05,,,At Risk
C0512,2025-02-08 17:11:45,2025-01-10 19:10:05,28.92,At Risk
C0512,2025-05-12 12:47:00,2025-02-08 17:11:45,92.82,At Risk
C0513,2025-03-14 15:56:12,,,At Risk
C0513,2025-08-30 09:36:47,2025-03-14 15:56:12,168.74,At Risk
C0513,2026-06-03 08:51:30,2025-08-30 09:36:47,276.97,At Risk
C0513,2026-06-29 09:11:12,2026-06-03 08:51:30,26.01,At Risk
C0514,2026-05-26 21:46:15,,,Active
C0514,2026-06-03 12:40:45,2026-05-26 21:46:15,7.62,Active
C0517,2025-08-31 15:32:48,,,At Risk
C0517,2026-04-02 20:38:36,2025-08-31 15:32:48,214.21,At Risk
C0522,2025-07-18 17:08:40,,,At Risk
C0522,2025-11-05 11:33:38,2025-07-18 17:08:40,109.77,At Risk
C0522,2026-03-12 17:11:29,2025-11-05 11:33:38,127.23,At Risk
C0524,2025-07-07 13:44:09,,,At Risk
C0524,2025-10-09 15:11:48,2025-07-07 13:44:09,94.06,At Risk
C0526,2025-03-26 12:53:32,,,At Risk
C0526,2026-05-12 19:29:08,2025-03-26 12:53:32,412.27,At Risk
C0526,2026-07-19 09:58:02,2026-05-12 19:29:08,67.6,At Risk
C0527,2026-03-27 10:14:04,,,At Risk
C0527,2026-06-27 18:59:04,2026-03-27 10:14:04,92.36,At Risk
C0531,2025-01-11 11:54:42,,,At Risk
C0531,2025-12-18 12:23:00,2025-01-11 11:54:42,341.02,At Risk
C0533,2025-01-08 17:33:07,,,At Risk
C0533,2025-11-05 14:42:06,2025-01-08 17:33:07,300.88,At Risk
C0534,2025-05-21 09:46:24,,,At Risk
C0534,2025-08-16 17:55:24,2025-05-21 09:46:24,87.34,At Risk
C0536,2025-07-24 20:16:53,,,At Risk
C0536,2025-09-23 17:54:14,2025-07-24 20:16:53,60.9,At Risk
C0536,2025-10-14 15:33:05,2025-09-23 17:54:14,20.9,At Risk
C0537,2025-07-20 16:39:47,,,At Risk
C0537,2025-10-18 11:14:18,2025-07-20 16:39:47,89.77,At Risk
C0537,2026-02-18 10:49:54,2025-10-18 11:14:18,122.98,At Risk
C0538,2025-09-25 18:20:00,,,At Risk
C0538,2026-04-08 21:19:13,2025-09-25 18:20:00,195.12,At Risk
C0538,2026-05-23 16:40:41,2026-04-08 21:19:13,44.81,At Risk
C0539,2026-01-28 10:26:12,,,At Risk
C0539,2026-08-04 09:00:45,2026-01-28 10:26:12,187.94,At Risk
C0541,2025-12-19 08:52:17,,,At Risk
C0541,2026-05-15 11:45:03,2025-12-19 08:52:17,147.12,At Risk
C0541,2026-08-03 21:06:57,2026-05-15 11:45:03,80.39,At Risk
C0543,2025-01-23 08:15:59,,,At Risk
C0543,2026-05-13 17:42:44,2025-01-23 08:15:59,475.39,At Risk
C0545,2025-10-06 12:41:47,,,At Risk
C0545,2026-05-30 08:07:42,2025-10-06 12:41:47,235.81,At Risk
C0546,2025-02-18 12:58:26,,,At Risk
C0546,2025-06-11 13:04:35,2025-02-18 12:58:26,113.0,At Risk
C0546,2025-07-02 11:45:02,2025-06-11 13:04:35,20.94,At Risk
C0546,2025-07-16 21:43:01,2025-07-02 11:45:02,14.42,At Risk
C0546,2025-09-16 19:19:32,2025-07-16 21:43:01,61.9,At Risk
C0547,2026-01-17 15:34:10,,,At Risk
C0547,2026-03-22 16:40:40,2026-01-17 15:34:10,64.05,At Risk
C0547,2026-06-07 12:02:10,2026-03-22 16:40:40,76.81,At Risk
C0548,2025-04-13 10:18:07,,,At Risk
C0548,2026-01-02 21:04:50,2025-04-13 10:18:07,264.45,At Risk
C0550,2025-03-03 13:41:09,,,At Risk
C0550,2026-02-05 10:07:08,2025-03-03 13:41:09,338.85,At Risk
C0550,2026-04-15 18:55:55,2026-02-05 10:07:08,69.37,At Risk
C0551,2025-02-14 09:47:03,,,At Risk
C0551,2025-07-22 12:05:02,2025-02-14 09:47:03,158.1,At Risk
C0551,2025-10-16 10:57:48,2025-07-22 12:05:02,85.95,At Risk
C0551,2026-02-16 09:40:34,2025-10-16 10:57:48,122.95,At Risk
C0551,2026-03-11 21:06:13,2026-02-16 09:40:34,23.48,At Risk
C0551,2026-04-28 08:21:13,2026-03-11 21:06:13,47.47,At Risk
C0553,2025-12-06 13:15:13,,,At Risk
C0553,2026-06-01 20:19:27,2025-12-06 13:15:13,177.29,At Risk
C0554,2025-07-28 20:09:23,,,At Risk
C0554,2025-09-02 15:24:04,2025-07-28 20:09:23,35.8,At Risk
C0554,2025-11-15 17:57:21,2025-09-02 15:24:04,74.11,At Risk
C0554,2026-06-01 12:34:21,2025-11-15 17:57:21,197.78,At Risk
C0554,2026-07-22 19:59:46,2026-06-01 12:34:21,51.31,At Risk
C0557,2025-04-07 17:48:10,,,At Risk
C0557,2025-08-06 08:35:16,2025-04-07 17:48:10,120.62,At Risk
C0558,2026-02-18 15:41:13,,,At Risk
C0558,2026-05-16 18:16:05,2026-02-18 15:41:13,87.11,At Risk
C0559,2025-08-14 10:47:25,,,At Risk
C0559,2025-11-29 09:43:36,2025-08-14 10:47:25,106.96,At Risk
C0559,2026-01-19 19:07:20,2025-11-29 09:43:36,51.39,At Risk
C0559,2026-01-27 14:24:27,2026-01-19 19:07:20,7.8,At Risk
C0560,2025-04-26 10:49:37,,,At Risk
C0560,2026-05-21 20:49:12,2025-04-26 10:49:37,390.42,At Risk
C0562,2026-02-24 12:10:02,,,At Risk
C0562,2026-05-12 15:04:05,2026-02-24 12:10:02,77.12,At Risk
C0564,2025-07-24 17:34:11,,,At Risk
C0564,2026-02-15 20:21:51,2025-07-24 17:34:11,206.12,At Risk
C0564,2026-03-30 13:57:20,2026-02-15 20:21:51,42.73,At Risk
C0566,2025-07-29 14:58:15,,,At Risk
C0566,2026-05-01 11:33:37,2025-07-29 14:58:15,275.86,At Risk
C0567,2025-04-06 10:06:43,,,At Risk
C0567,2025-08-11 15:26:48,2025-04-06 10:06:43,127.22,At Risk
C0567,2026-03-02 10:44:23,2025-08-11 15:26:48,202.8,At Risk
C0567,2026-06-17 12:26:25,2026-03-02 10:44:23,107.07,At Risk
C0568,2025-04-23 17:43:31,,,At Risk
C0568,2025-10-09 21:53:38,2025-04-23 17:43:31,169.17,At Risk
C0572,2025-08-03 15:28:54,,,At Risk
C0572,2025-08-18 08:01:59,2025-08-03 15:28:54,14.69,At Risk
C0572,2025-11-05 13:26:00,2025-08-18 08:01:59,79.23,At Risk
C0573,2025-02-10 15:45:28,,,At Risk
C0573,2025-02-28 11:32:52,2025-02-10 15:45:28,17.82,At Risk
C0573,2025-05-14 20:08:30,2025-02-28 11:32:52,75.36,At Risk
C0573,2025-11-13 16:41:07,2025-05-14 20:08:30,182.86,At Risk
C0576,2025-05-20 11:52:24,,,At Risk
C0576,2025-11-10 15:18:24,2025-05-20 11:52:24,174.14,At Risk
C0577,2025-12-27 17:36:09,,,At Risk
C0577,2026-04-02 14:30:17,2025-12-27 17:36:09,95.87,At Risk
C0582,2025-03-22 20:48:29,,,At Risk
C0582,2025-11-03 13:37:01,2025-03-22 20:48:29,225.7,At Risk
C0582,2026-04-17 18:55:27,2025-11-03 13:37:01,165.22,At Risk
C0583,2025-07-27 13:08:02,,,At Risk
C0583,2025-09-10 16:21:58,2025-07-27 13:08:02,45.13,At Risk
C0583,2025-12-08 13:25:46,2025-09-10 16:21:58,88.88,At Risk
C0583,2026-01-05 13:08:24,2025-12-08 13:25:46,27.99,At Risk
C0583,2026-01-29 18:11:44,2026-01-05 13:08:24,24.21,At Risk
C0583,2026-02-27 09:29:42,2026-01-29 18:11:44,28.64,At Risk
C0583,2026-05-27 09:45:34,2026-02-27 09:29:42,89.01,At Risk
C0584,2025-07-17 16:42:15,,,At Risk
C0584,2026-07-09 17:48:03,2025-07-17 16:42:15,357.05,At Risk
C0586,2025-11-17 14:39:47,,,At Risk
C0586,2026-02-06 11:21:05,2025-11-17 14:39:47,80.86,At Risk
C0587,2025-08-28 13:19:18,,,At Risk
C0587,2025-11-28 19:18:18,2025-08-28 13:19:18,92.25,At Risk
C0587,2026-01-22 17:24:20,2025-11-28 19:18:18,54.92,At Risk
C0588,2025-05-25 19:51:18,,,At Risk
C0588,2026-05-03 13:22:13,2025-05-25 19:51:18,342.73,At Risk
C0590,2025-08-28 21:58:46,,,At Risk
C0590,2025-09-30 20:27:20,2025-08-28 21:58:46,32.94,At Risk
C0591,2025-11-04 08:46:51,,,At Risk
C0591,2026-05-15 21:57:44,2025-11-04 08:46:51,192.55,At Risk
C0593,2025-05-31 12:15:38,,,At Risk
C0593,2026-06-17 18:21:26,2025-05-31 12:15:38,382.25,At Risk
C0594,2025-09-10 11:20:27,,,Active
C0594,2025-10-09 20:13:15,2025-09-10 11:20:27,29.37,Active
C0596,2025-01-06 15:21:15,,,At Risk
C0596,2026-05-27 12:48:45,2025-01-06 15:21:15,505.89,At Risk
C0596,2026-06-04 18:01:52,2026-05-27 12:48:45,8.22,At Risk
C0598,2026-02-15 18:58:50,,,At Risk
C0598,2026-07-31 18:37:13,2026-02-15 18:58:50,165.98,At Risk
C0599,2025-05-30 08:16:35,,,At Risk
C0599,2025-08-28 09:12:08,2025-05-30 08:16:35,90.04,At Risk
C0600,2025-10-25 15:12:40,,,At Risk
C0600,2026-07-21 14:27:11,2025-10-25 15:12:40,268.97,At Risk
C0602,2025-02-10 21:04:12,,,At Risk
C0602,2025-06-12 17:36:19,2025-02-10 21:04:12,121.86,At Risk
C0602,2025-09-08 08:48:39,2025-06-12 17:36:19,87.63,At Risk
C0603,2025-08-31 11:51:47,,,At Risk
C0603,2025-10-01 08:44:30,2025-08-31 11:51:47,30.87,At Risk
C0603,2026-04-02 13:25:29,2025-10-01 08:44:30,183.2,At Risk
C0605,2025-02-01 11:27:44,,,At Risk
C0605,2025-10-19 13:03:01,2025-02-01 11:27:44,260.07,At Risk
C0605,2025-11-06 16:29:25,2025-10-19 13:03:01,18.14,At Risk
C0609,2025-01-25 17:05:03,,,Active
C0609,2025-02-01 11:23:31,2025-01-25 17:05:03,6.76,Active
C0610,2025-02-03 13:05:09,,,At Risk
C0610,2025-06-15 18:18:39,2025-02-03 13:05:09,132.22,At Risk
C0610,2025-07-17 09:06:00,2025-06-15 18:18:39,31.62,At Risk
C0610,2025-12-15 17:49:39,2025-07-17 09:06:00,151.36,At Risk
C0615,2025-04-29 14:18:29,,,At Risk
C0615,2025-05-12 09:24:42,2025-04-29 14:18:29,12.8,At Risk
C0615,2025-09-04 08:51:54,2025-05-12 09:24:42,114.98,At Risk
C0617,2025-06-03 10:10:23,,,At Risk
C0617,2025-08-21 19:41:54,2025-06-03 10:10:23,79.4,At Risk
C0617,2026-02-19 21:42:47,2025-08-21 19:41:54,182.08,At Risk
C0617,2026-06-03 09:22:26,2026-02-19 21:42:47,103.49,At Risk
C0618,2025-06-07 13:36:40,,,Active
C0618,2025-06-11 20:43:19,2025-06-07 13:36:40,4.3,Active
C0620,2025-05-05 19:07:05,,,At Risk
C0620,2025-07-19 15:20:38,2025-05-05 19:07:05,74.84,At Risk
C0621,2025-05-05 13:55:43,,,At Risk
C0621,2025-09-20 08:23:14,2025-05-05 13:55:43,137.77,At Risk
C0621,2025-11-12 08:41:57,2025-09-20 08:23:14,53.01,At Risk
C0622,2025-10-24 20:43:19,,,At Risk
C0622,2025-11-30 18:28:14,2025-10-24 20:43:19,36.91,At Risk
C0624,2026-03-21 09:29:39,,,At Risk
C0624,2026-05-09 09:21:01,2026-03-21 09:29:39,48.99,At Risk
C0627,2025-08-14 12:38:10,,,At Risk
C0627,2025-12-19 09:37:00,2025-08-14 12:38:10,126.87,At Risk
C0627,2026-01-29 19:50:32,2025-12-19 09:37:00,41.43,At Risk
C0628,2025-06-02 21:52:35,,,At Risk
C0628,2025-12-27 10:54:32,2025-06-02 21:52:35,207.54,At Risk
C0628,2026-03-13 20:17:44,2025-12-27 10:54:32,76.39,At Risk
C0628,2026-04-18 10:27:18,2026-03-13 20:17:44,35.59,At Risk
C0629,2025-11-21 10:45:35,,,At Risk
C0629,2026-05-30 08:42:15,2025-11-21 10:45:35,189.91,At Risk
C0630,2025-04-09 10:30:57,,,At Risk
C0630,2026-06-07 16:44:14,2025-04-09 10:30:57,424.26,At Risk
C0631,2025-02-22 20:59:40,,,At Risk
C0631,2026-01-03 21:28:06,2025-02-22 20:59:40,315.02,At Risk
C0633,2025-03-03 12:12:50,,,At Risk
C0633,2026-03-02 11:11:57,2025-03-03 12:12:50,363.96,At Risk
C0634,2025-06-11 15:05:43,,,At Risk
C0634,2025-08-23 11:53:15,2025-06-11 15:05:43,72.87,At Risk
C0636,2025-01-14 19:16:12,,,At Risk
C0636,2025-02-13 21:30:23,2025-01-14 19:16:12,30.09,At Risk
C0636,2025-04-26 19:03:15,2025-02-13 21:30:23,71.9,At Risk
C0638,2025-01-06 13:02:41,,,At Risk
C0638,2026-08-01 20:19:47,2025-01-06 13:02:41,572.3,At Risk
C0639,2025-08-17 19:14:29,,,At Risk
C0639,2026-02-25 11:55:38,2025-08-17 19:14:29,191.7,At Risk
C0639,2026-04-23 12:43:33,2026-02-25 11:55:38,57.03,At Risk
C0642,2025-07-09 20:55:23,,,At Risk
C0642,2025-07-15 08:43:00,2025-07-09 20:55:23,5.49,At Risk
C0642,2025-09-11 19:18:28,2025-07-15 08:43:00,58.44,At Risk
C0642,2025-09-23 21:26:28,2025-09-11 19:18:28,12.09,At Risk
C0642,2026-03-29 08:19:39,2025-09-23 21:26:28,186.45,At Risk
C0642,2026-06-04 11:29:49,2026-03-29 08:19:39,67.13,At Risk
C0648,2025-02-11 10:06:50,,,At Risk
C0648,2025-05-20 15:46:12,2025-02-11 10:06:50,98.24,At Risk
C0648,2026-07-31 15:33:46,2025-05-20 15:46:12,436.99,At Risk
C0649,2025-01-03 13:22:53,,,At Risk
C0649,2026-02-12 13:18:47,2025-01-03 13:22:53,405.0,At Risk
C0650,2025-04-04 09:45:28,,,At Risk
C0650,2026-07-04 13:25:37,2025-04-04 09:45:28,456.15,At Risk
