customer_id,current_order_id,current_order_date,current_order_value,previous_order_id,previous_order_date,previous_order_value,value_change
C0001,O00187,2025-08-13,406280.24,,,,406280.24
C0001,O00517,2026-01-04,7109.46,O00187,2025-08-13,406280.24,-399170.79
C0001,O00693,2026-05-25,12705.6,O00517,2026-01-04,7109.46,5596.14
C0002,O00599,2025-08-27,47127.71,,,,47127.71
C0002,O00198,2025-09-20,422284.8,O00599,2025-08-27,47127.71,375157.09
C0004,O00885,2026-03-31,47332.29,,,,47332.29
C0007,O00969,2025-07-26,91040.0,,,,91040.0
C0007,O00059,2026-04-14,4534.6,O00969,2025-07-26,91040.0,-86505.4
C0007,O00030,2026-05-10,125052.24,O00059,2026-04-14,4534.6,120517.64
C0008,O01190,2025-01-10,205603.27,,,,205603.27
C0008,O00715,2025-01-17,17107.28,O01190,2025-01-10,205603.27,-188495.99
C0008,O01191,2025-04-10,251830.85,O00715,2025-01-17,17107.28,234723.57
C0009,O00477,2025-10-03,147614.42,,,,147614.42
C0009,O00151,2025-12-02,21016.98,O00477,2025-10-03,147614.42,-126597.44
C0009,O00468,2025-12-19,67168.51,O00151,2025-12-02,21016.98,46151.53
C0009,O00437,2026-06-15,202795.58,O00468,2025-12-19,67168.51,135627.07
C0010,O01033,2025-01-03,80446.8,,,,80446.8
C0010,O00241,2026-06-10,183815.21,O01033,2025-01-03,80446.8,103368.41
C0010,O00339,2026-06-28,144597.54,O00241,2026-06-10,183815.21,-39217.67
C0011,O00810,2025-09-17,172686.15,,,,172686.15
C0011,O00071,2025-12-06,238399.61,O00810,2025-09-17,172686.15,65713.46
C0011,O00467,2026-02-27,176612.57,O00071,2025-12-06,238399.61,-61787.04
C0012,O00139,2025-05-03,10981.15,,,,10981.15
C0013,O01102,2026-02-20,142106.31,,,,142106.31
C0013,O00741,2026-05-23,143334.87,O01102,2026-02-20,142106.31,1228.56
C0014,O00823,2026-05-03,68912.2,,,,68912.2
C0015,O00814,2025-03-11,216889.95,,,,216889.95
C0016,O00623,2025-06-02,206475.33,,,,206475.33
C0017,O00703,2026-07-01,46584.42,,,,46584.42
C0018,O01198,2025-01-04,90289.64,,,,90289.64
C0018,O00793,2026-01-18,19048.16,O01198,2025-01-04,90289.64,-71241.48
C0021,O00845,2025-11-09,345637.95,,,,345637.95
C0021,O00228,2026-05-02,191467.83,O00845,2025-11-09,345637.95,-154170.12
C0025,O00347,2025-03-15,277350.76,,,,277350.76
C0025,O00154,2025-06-04,165191.56,O00347,2025-03-15,277350.76,-112159.2
C0025,O01013,2025-12-15,362896.1,O00154,2025-06-04,165191.56,197704.54
C0027,O01061,2025-12-14,13741.83,,,,13741.83
C0028,O00842,2025-12-24,58841.72,,,,58841.72
C0029,O01052,2025-03-06,221690.21,,,,221690.21
C0030,O00865,2025-07-26,28824.46,,,,28824.46
C0031,O01075,2026-01-07,151484.11,,,,151484.11
C0031,O00830,2026-05-25,274753.44,O01075,2026-01-07,151484.11,123269.33
C0032,O00167,2025-11-03,107913.18,,,,107913.18
C0032,O00354,2026-01-26,173975.32,O00167,2025-11-03,107913.18,66062.15
C0033,O00001,2025-07-13,86802.17,,,,86802.17
C0033,O00479,2026-01-16,66577.46,O00001,2025-07-13,86802.17,-20224.7
C0034,O00588,2025-12-24,210614.92,,,,210614.92
C0034,O00194,2026-02-05,177939.84,O00588,2025-12-24,210614.92,-32675.08
C0035,O00201,2025-08-19,142314.41,,,,142314.41
C0035,O00739,2026-04-27,11457.49,O00201,2025-08-19,142314.41,-130856.92
C0036,O00217,2026-05-03,361642.56,,,,361642.56
C0037,O00250,2026-03-05,133784.23,,,,133784.23
C0037,O00701,2026-03-25,38685.31,O00250,2026-03-05,133784.23,-95098.92
C0039,O01153,2025-07-26,388151.48,,,,388151.48
C0039,O00271,2026-06-01,221390.45,O01153,2025-07-26,388151.48,-166761.03
C0039,O00186,2026-07-10,208717.97,O00271,2026-06-01,221390.45,-12672.49
C0041,O00571,2025-09-09,102339.84,,,,102339.84
C0043,O00568,2025-09-10,150232.58,,,,150232.58
C0043,O00096,2026-01-11,57166.39,O00568,2025-09-10,150232.58,-93066.19
C0043,O00903,2026-01-15,90546.47,O00096,2026-01-11,57166.39,33380.08
C0043,O00678,2026-01-27,341565.25,O00903,2026-01-15,90546.47,251018.78
C0044,O00219,2025-08-05,164401.85,,,,164401.85
C0044,O00485,2025-11-27,8492.9,O00219,2025-08-05,164401.85,-155908.94
C0044,O00866,2026-07-18,92084.14,O00485,2025-11-27,8492.9,83591.24
C0045,O00502,2025-04-09,186086.25,,,,186086.25
C0045,O00157,2025-05-26,154197.64,O00502,2025-04-09,186086.25,-31888.61
C0045,O01048,2026-05-23,233484.01,O00157,2025-05-26,154197.64,79286.37
C0045,O00723,2026-05-25,33719.88,O01048,2026-05-23,233484.01,-199764.13
C0046,O00145,2025-08-22,265926.29,,,,265926.29
C0046,O00070,2025-12-30,33811.64,O00145,2025-08-22,265926.29,-232114.66
C0046,O00212,2026-01-26,206320.3,O00070,2025-12-30,33811.64,172508.66
C0047,O00285,2025-04-08,227956.43,,,,227956.43
C0048,O00310,2025-12-13,178047.69,,,,178047.69
C0048,O00379,2026-02-02,16283.05,O00310,2025-12-13,178047.69,-161764.64
C0049,O00764,2025-08-21,232886.57,,,,232886.57
C0049,O00851,2026-07-03,14030.28,O00764,2025-08-21,232886.57,-218856.29
C0050,O00312,2025-05-18,216675.13,,,,216675.13
C0050,O01138,2026-03-31,204508.26,O00312,2025-05-18,216675.13,-12166.86
C0050,O00272,2026-07-02,167705.6,O01138,2026-03-31,204508.26,-36802.66
C0051,O00589,2025-11-02,457388.56,,,,457388.56
C0051,O00587,2026-07-25,85537.01,O00589,2025-11-02,457388.56,-371851.55
C0052,O00627,2025-01-30,175018.47,,,,175018.47
C0052,O00172,2025-12-06,-96979.49,O00627,2025-01-30,175018.47,-271997.96
C0052,O00283,2026-04-13,243929.4,O00172,2025-12-06,-96979.49,340908.89
C0053,O00014,2026-07-03,235407.07,,,,235407.07
C0054,O00884,2025-12-01,168925.25,,,,168925.25
C0054,O01046,2026-04-10,262102.17,O00884,2025-12-01,168925.25,93176.92
C0055,O00322,2025-04-20,126189.16,,,,126189.16
C0056,O00753,2026-05-31,241651.27,,,,241651.27
C0057,O00748,2025-03-24,18746.41,,,,18746.41
C0057,O00775,2026-04-02,38515.55,O00748,2025-03-24,18746.41,19769.14
C0058,O00004,2025-08-11,301540.85,,,,301540.85
C0061,O00289,2025-04-26,303361.96,,,,303361.96
C0062,O00132,2025-01-15,198244.75,,,,198244.75
C0062,O01026,2025-10-24,27525.77,O00132,2025-01-15,198244.75,-170718.98
C0062,O00859,2026-03-21,230393.08,O01026,2025-10-24,27525.77,202867.31
C0063,O00007,2025-08-15,15813.65,,,,15813.65
C0063,O00643,2026-01-24,237453.7,O00007,2025-08-15,15813.65,221640.05
C0064,O00551,2025-11-06,39083.26,,,,39083.26
C0065,O00351,2025-01-07,314004.78,,,,314004.78
C0065,O00712,2025-02-16,24806.67,O00351,2025-01-07,314004.78,-289198.11
C0065,O00082,2025-07-30,-80703.24,O00712,2025-02-16,24806.67,-105509.91
C0066,O01111,2026-02-05,106720.49,,,,106720.49
C0066,O00861,2026-03-22,138949.64,O01111,2026-02-05,106720.49,32229.15
C0067,O01056,2025-03-04,323414.67,,,,323414.67
C0067,O01087,2026-04-27,173014.79,O01056,2025-03-04,323414.67,-150399.87
C0068,O01145,2026-02-03,70347.38,,,,70347.38
C0068,O00784,2026-05-02,84052.01,O01145,2026-02-03,70347.38,13704.63
C0069,O00853,2025-04-08,143095.08,,,,143095.08
C0069,O00221,2025-11-24,340647.69,O00853,2025-04-08,143095.08,197552.61
C0069,O00750,2026-01-11,103011.82,O00221,2025-11-24,340647.69,-237635.88
C0070,O00336,2026-06-23,10353.82,,,,10353.82
C0071,O00121,2025-05-17,30179.36,,,,30179.36
C0071,O00065,2025-08-03,8523.35,O00121,2025-05-17,30179.36,-21656.01
C0072,O01158,2025-01-07,111508.29,,,,111508.29
C0072,O00642,2026-04-01,161550.99,O01158,2025-01-07,111508.29,50042.7
C0072,O01114,2026-05-16,163781.52,O00642,2026-04-01,161550.99,2230.54
C0072,O00695,2026-05-18,92408.29,O01114,2026-05-16,163781.52,-71373.24
C0073,O00129,2025-09-04,42053.92,,,,42053.92
C0073,O00508,2025-09-30,82851.84,O00129,2025-09-04,42053.92,40797.92
C0073,O00921,2025-11-27,32091.98,O00508,2025-09-30,82851.84,-50759.86
C0074,O01098,2025-10-11,184699.89,,,,184699.89
C0075,O00131,2025-06-26,69146.62,,,,69146.62
C0076,O00049,2025-10-30,78686.88,,,,78686.88
C0077,O00027,2026-06-21,165646.45,,,,165646.45
C0079,O00370,2025-09-27,67207.35,,,,67207.35
C0079,O00854,2026-05-02,410751.67,O00370,2025-09-27,67207.35,343544.32
C0080,O00662,2025-09-09,361269.2,,,,361269.2
C0080,O00148,2026-03-03,323079.78,O00662,2025-09-09,361269.2,-38189.43
C0081,O00451,2026-05-15,29512.84,,,,29512.84
C0082,O00506,2025-08-02,193359.72,,,,193359.72
C0082,O00457,2025-08-29,194861.07,O00506,2025-08-02,193359.72,1501.35
C0083,O00698,2026-01-10,117789.57,,,,117789.57
C0086,O00867,2025-01-21,92233.41,,,,92233.41
C0086,O01165,2025-01-21,5590.74,O00867,2025-01-21,92233.41,-86642.67
C0087,O00170,2026-01-17,106013.43,,,,106013.43
C0088,O00532,2025-02-20,249975.76,,,,249975.76
C0088,O00824,2025-04-18,106589.28,O00532,2025-02-20,249975.76,-143386.48
C0088,O00970,2025-12-16,67993.91,O00824,2025-04-18,106589.28,-38595.37
C0088,O00069,2026-07-04,187162.08,O00970,2025-12-16,67993.91,119168.17
C0089,O00783,2025-05-23,258508.26,,,,258508.26
C0090,O00619,2025-02-15,46383.92,,,,46383.92
C0090,O00098,2026-04-06,238781.86,O00619,2025-02-15,46383.92,192397.94
C0090,O00777,2026-07-06,122997.66,O00098,2026-04-06,238781.86,-115784.2
C0091,O00262,2025-06-12,145338.53,,,,145338.53
C0091,O00196,2025-09-01,-88685.96,O00262,2025-06-12,145338.53,-234024.48
C0091,O01007,2026-03-30,193236.04,O00196,2025-09-01,-88685.96,281921.99
C0092,O01015,2025-05-28,120429.36,,,,120429.36
C0092,O01005,2025-06-02,201204.28,O01015,2025-05-28,120429.36,80774.91
C0092,O00254,2025-07-07,237689.61,O01005,2025-06-02,201204.28,36485.34
C0092,O00892,2026-03-16,95655.31,O00254,2025-07-07,237689.61,-142034.3
C0092,O00466,2026-05-09,166151.54,O00892,2026-03-16,95655.31,70496.23
C0092,O00053,2026-06-09,124799.68,O00466,2026-05-09,166151.54,-41351.86
C0093,O00419,2025-01-16,196079.85,,,,196079.85
C0093,O00868,2025-03-07,135978.12,O00419,2025-01-16,196079.85,-60101.73
C0093,O00870,2026-06-22,375132.83,O00868,2025-03-07,135978.12,239154.71
C0094,O00411,2025-06-14,44680.96,,,,44680.96
C0094,O01122,2026-04-19,113790.19,O00411,2025-06-14,44680.96,69109.23
C0094,O00302,2026-07-25,80121.04,O01122,2026-04-19,113790.19,-33669.15
C0095,O00852,2026-02-16,149517.91,,,,149517.91
C0095,O00337,2026-03-02,155779.25,O00852,2026-02-16,149517.91,6261.34
C0096,O00108,2025-12-02,227947.25,,,,227947.25
C0096,O00982,2026-06-17,239288.23,O00108,2025-12-02,227947.25,11340.98
C0097,O00168,2026-07-24,88938.36,,,,88938.36
C0098,O00116,2025-08-28,274606.2,,,,274606.2
C0099,O00832,2025-06-06,111481.91,,,,111481.91
C0099,O00344,2025-07-17,187117.15,O00832,2025-06-06,111481.91,75635.24
C0101,O00229,2025-11-15,251871.71,,,,251871.71
C0101,O00045,2026-05-28,105540.73,O00229,2025-11-15,251871.71,-146330.98
C0102,O01014,2026-01-27,182207.69,,,,182207.69
C0103,O00442,2025-05-15,256462.44,,,,256462.44
C0103,O00882,2025-12-07,92721.3,O00442,2025-05-15,256462.44,-163741.14
C0104,O00002,2025-01-17,135632.22,,,,135632.22
C0104,O00224,2025-04-13,191096.91,O00002,2025-01-17,135632.22,55464.69
C0104,O01079,2025-06-30,247750.54,O00224,2025-04-13,191096.91,56653.62
C0104,O01022,2025-10-03,157690.99,O01079,2025-06-30,247750.54,-90059.55
C0104,O00282,2026-06-08,32523.14,O01022,2025-10-03,157690.99,-125167.85
C0105,O00965,2025-04-19,153519.0,,,,153519.0
C0106,O00144,2025-06-20,9560.04,,,,9560.04
C0106,O00301,2026-05-25,278338.54,O00144,2025-06-20,9560.04,268778.5
C0106,O01137,2026-06-20,218402.94,O00301,2026-05-25,278338.54,-59935.6
C0107,O00459,2026-02-11,29024.18,,,,29024.18
C0108,O00276,2025-05-21,72794.81,,,,72794.81
C0109,O00277,2025-05-01,33619.47,,,,33619.47
C0109,O00917,2026-02-08,59834.04,O00277,2025-05-01,33619.47,26214.57
C0109,O00307,2026-07-15,358498.75,O00917,2026-02-08,59834.04,298664.71
C0109,O00511,2026-07-26,20099.79,O00307,2026-07-15,358498.75,-338398.96
C0110,O00503,2025-07-02,254734.24,,,,254734.24
C0110,O00636,2026-06-05,121929.63,O00503,2025-07-02,254734.24,-132804.61
C0111,O00829,2025-10-13,210596.36,,,,210596.36
C0111,O01053,2025-12-09,89014.42,O00829,2025-10-13,210596.36,-121581.93
C0112,O00690,2026-02-07,90358.56,,,,90358.56
C0113,O00997,2025-05-02,125503.46,,,,125503.46
C0115,O00757,2025-03-20,229752.33,,,,229752.33
C0115,O00943,2025-05-09,315793.55,O00757,2025-03-20,229752.33,86041.21
C0117,O00709,2025-03-07,279970.94,,,,279970.94
C0117,O00751,2025-05-22,130220.78,O00709,2025-03-07,279970.94,-149750.16
C0117,O00386,2025-08-24,323290.98,O00751,2025-05-22,130220.78,193070.2
C0117,O00095,2026-07-17,178495.57,O00386,2025-08-24,323290.98,-144795.41
C0118,O00077,2025-11-23,241532.92,,,,241532.92
C0120,O00803,2026-03-04,159426.23,,,,159426.23
C0121,O00086,2025-03-28,8005.39,,,,8005.39
C0121,O00998,2025-10-24,20479.82,O00086,2025-03-28,8005.39,12474.43
C0121,O00966,2026-06-04,157905.23,O00998,2025-10-24,20479.82,137425.41
C0123,O00331,2025-07-11,292823.93,,,,292823.93
C0124,O00118,2025-01-09,241754.5,,,,241754.5
C0124,O01143,2025-08-01,89881.58,O00118,2025-01-09,241754.5,-151872.92
C0124,O01018,2025-09-22,198942.67,O01143,2025-08-01,89881.58,109061.09
C0125,O01047,2026-03-19,292440.26,,,,292440.26
C0126,O00754,2026-04-09,191500.24,,,,191500.24
C0127,O00357,2026-07-21,111551.82,,,,111551.82
C0128,O01171,2025-03-14,27738.11,,,,27738.11
C0128,O01151,2025-08-27,116161.45,O01171,2025-03-14,27738.11,88423.34
C0128,O00986,2025-12-29,93864.89,O01151,2025-08-27,116161.45,-22296.56
C0129,O00653,2026-03-04,-23584.41,,,,-23584.41
C0130,O00668,2025-01-28,12671.83,,,,12671.83
C0132,O00253,2025-07-05,243759.28,,,,243759.28
C0132,O01043,2026-08-02,191641.23,O00253,2025-07-05,243759.28,-52118.05
C0134,O00991,2025-04-05,162230.81,,,,162230.81
C0134,O00895,2025-10-22,42581.47,O00991,2025-04-05,162230.81,-119649.35
C0134,O00707,2026-04-28,115828.48,O00895,2025-10-22,42581.47,73247.01
C0135,O00270,2025-01-20,148981.9,,,,148981.9
C0135,O00561,2025-06-05,57093.96,O00270,2025-01-20,148981.9,-91887.94
C0135,O00583,2025-10-23,146585.32,O00561,2025-06-05,57093.96,89491.36
C0136,O00394,2025-03-12,272762.55,,,,272762.55
C0136,O00617,2025-04-11,277764.36,O00394,2025-03-12,272762.55,5001.81
C0136,O00531,2025-10-24,209715.27,O00617,2025-04-11,277764.36,-68049.09
C0137,O01148,2025-11-29,315320.18,,,,315320.18
C0138,O00388,2025-05-11,112404.01,,,,112404.01
C0138,O00012,2026-02-27,223783.38,O00388,2025-05-11,112404.01,111379.37
C0138,O01154,2026-03-31,204259.31,O00012,2026-02-27,223783.38,-19524.08
C0138,O00593,2026-07-18,90072.16,O01154,2026-03-31,204259.31,-114187.15
C0139,O00794,2025-03-01,41157.46,,,,41157.46
C0140,O00819,2025-05-07,218975.1,,,,218975.1
C0140,O00474,2025-07-12,104385.95,O00819,2025-05-07,218975.1,-114589.15
C0140,O01131,2025-09-14,175439.5,O00474,2025-07-12,104385.95,71053.54
C0140,O00606,2026-05-01,177433.56,O01131,2025-09-14,175439.5,1994.07
C0141,O01152,2025-09-07,147753.1,,,,147753.1
C0141,O00799,2025-12-27,242901.78,O01152,2025-09-07,147753.1,95148.68
C0141,O00786,2026-04-19,1043.36,O00799,2025-12-27,242901.78,-241858.42
C0142,O00744,2025-01-25,281702.57,,,,281702.57
C0142,O00316,2025-10-29,338218.72,O00744,2025-01-25,281702.57,56516.16
C0142,O00408,2025-12-19,20945.9,O00316,2025-10-29,338218.72,-317272.82
C0142,O00556,2026-07-09,189325.19,O00408,2025-12-19,20945.9,168379.29
C0144,O00369,2025-03-25,1925.02,,,,1925.02
C0144,O01029,2025-04-02,84240.19,O00369,2025-03-25,1925.02,82315.17
C0144,O00044,2025-12-06,248147.2,O01029,2025-04-02,84240.19,163907.01
C0145,O00706,2025-08-27,44860.7,,,,44860.7
C0146,O00189,2025-03-02,128728.7,,,,128728.7
C0146,O00806,2025-08-16,493809.15,O00189,2025-03-02,128728.7,365080.45
C0146,O01017,2025-11-02,18319.36,O00806,2025-08-16,493809.15,-475489.79
C0147,O00999,2025-11-07,221532.0,,,,221532.0
C0147,O00006,2025-11-25,124901.58,O00999,2025-11-07,221532.0,-96630.42
C0148,O00226,2025-02-08,276956.22,,,,276956.22
C0148,O01082,2026-03-21,111241.69,O00226,2025-02-08,276956.22,-165714.53
C0149,O00944,2025-01-28,177157.43,,,,177157.43
C0149,O00557,2025-05-19,378903.88,O00944,2025-01-28,177157.43,201746.45
C0150,O00559,2025-07-08,205510.51,,,,205510.51
C0150,O01066,2025-11-15,15284.06,O00559,2025-07-08,205510.51,-190226.45
C0151,O00772,2026-05-01,41742.51,,,,41742.51
C0152,O01175,2025-01-29,8036.47,,,,8036.47
C0152,O00912,2025-04-26,74984.18,O01175,2025-01-29,8036.47,66947.7
C0153,O00644,2025-01-01,412673.49,,,,412673.49
C0153,O00722,2025-02-24,293055.45,O00644,2025-01-01,412673.49,-119618.04
C0154,O00863,2025-08-30,184915.0,,,,184915.0
C0154,O00581,2026-08-03,299341.42,O00863,2025-08-30,184915.0,114426.42
C0155,O00976,2025-02-07,148031.09,,,,148031.09
C0155,O00908,2025-06-18,58259.98,O00976,2025-02-07,148031.09,-89771.11
C0155,O00258,2026-06-27,184785.1,O00908,2025-06-18,58259.98,126525.12
C0156,O00552,2025-01-31,219031.45,,,,219031.45
C0156,O00971,2026-01-05,208497.52,O00552,2025-01-31,219031.45,-10533.93
C0157,O00946,2025-01-23,170202.33,,,,170202.33
C0157,O00554,2025-08-21,250277.46,O00946,2025-01-23,170202.33,80075.13
C0157,O00529,2025-12-01,170984.62,O00554,2025-08-21,250277.46,-79292.83
C0158,O00766,2025-07-06,68017.52,,,,68017.52
C0158,O00924,2025-10-19,89503.07,O00766,2025-07-06,68017.52,21485.56
C0158,O00050,2026-01-25,109761.15,O00924,2025-10-19,89503.07,20258.07
C0159,O00333,2025-01-06,315217.88,,,,315217.88
C0159,O00404,2025-11-20,12808.24,O00333,2025-01-06,315217.88,-302409.64
C0160,O01164,2026-06-02,110601.0,,,,110601.0
C0161,O00996,2025-08-06,53692.04,,,,53692.04
C0161,O00839,2026-04-27,99111.45,O00996,2025-08-06,53692.04,45419.41
C0161,O00958,2026-05-10,162203.93,O00839,2026-04-27,99111.45,63092.48
C0162,O00886,2025-11-18,26121.56,,,,26121.56
C0162,O00417,2026-01-04,509949.23,O00886,2025-11-18,26121.56,483827.67
C0163,O00232,2026-01-18,238824.07,,,,238824.07
C0164,O00983,2026-06-18,203338.52,,,,203338.52
C0165,O00862,2025-10-01,82441.68,,,,82441.68
C0165,O00332,2025-10-13,166922.64,O00862,2025-10-01,82441.68,84480.96
C0165,O00765,2026-04-12,224516.03,O00332,2025-10-13,166922.64,57593.39
C0166,O00743,2025-01-17,265871.42,,,,265871.42
C0166,O01133,2025-05-24,406326.09,O00743,2025-01-17,265871.42,140454.66
C0166,O00409,2025-08-24,8633.53,O01133,2025-05-24,406326.09,-397692.56
C0167,O00923,2025-04-02,21135.03,,,,21135.03
C0167,O00239,2025-10-19,414595.22,O00923,2025-04-02,21135.03,393460.19
C0167,O00994,2026-05-17,79202.11,O00239,2025-10-19,414595.22,-335393.11
C0168,O00577,2026-04-11,141746.52,,,,141746.52
C0168,O00446,2026-08-05,294720.95,O00577,2026-04-11,141746.52,152974.43
C0169,O00975,2025-12-13,224298.68,,,,224298.68
C0169,O00204,2026-05-10,112118.7,O00975,2025-12-13,224298.68,-112179.98
C0170,O00115,2025-09-14,212841.77,,,,212841.77
C0172,O01163,2025-03-23,136475.44,,,,136475.44
C0172,O01141,2025-08-14,98379.58,O01163,2025-03-23,136475.44,-38095.86
C0172,O00452,2026-04-20,109899.26,O01141,2025-08-14,98379.58,11519.69
C0173,O00891,2025-04-02,-56359.62,,,,-56359.62
C0173,O00913,2025-07-28,413033.88,O00891,2025-04-02,-56359.62,469393.5
C0173,O00825,2026-02-15,173444.41,O00913,2025-07-28,413033.88,-239589.47
C0174,O00055,2026-07-27,325127.67,,,,325127.67
C0175,O00202,2025-09-25,189383.28,,,,189383.28
C0175,O00252,2026-01-03,351033.93,O00202,2025-09-25,189383.28,161650.65
C0178,O01159,2025-05-25,46628.14,,,,46628.14
C0178,O00218,2025-05-31,21317.33,O01159,2025-05-25,46628.14,-25310.81
C0179,O00436,2025-02-03,211901.29,,,,211901.29
C0180,O00414,2025-10-21,210410.66,,,,210410.66
C0180,O00872,2026-03-10,303972.76,O00414,2025-10-21,210410.66,93562.1
C0180,O01166,2026-07-05,251392.61,O00872,2026-03-10,303972.76,-52580.15
C0182,O00188,2025-07-26,324741.88,,,,324741.88
C0182,O00313,2026-05-10,99971.17,O00188,2025-07-26,324741.88,-224770.71
C0183,O00348,2025-02-08,-111390.14,,,,-111390.14
C0183,O00922,2026-01-26,75035.29,O00348,2025-02-08,-111390.14,186425.43
C0184,O00831,2025-03-11,94841.01,,,,94841.01
C0184,O00149,2026-05-30,28244.84,O00831,2025-03-11,94841.01,-66596.18
C0185,O00389,2025-05-31,283266.77,,,,283266.77
C0185,O00681,2025-07-19,482165.41,O00389,2025-05-31,283266.77,198898.64
C0186,O01016,2025-06-23,172544.27,,,,172544.27
C0186,O00817,2025-07-09,307793.43,O01016,2025-06-23,172544.27,135249.15
C0187,O00392,2025-05-27,286111.55,,,,286111.55
C0188,O00287,2025-04-06,117494.16,,,,117494.16
C0188,O01186,2025-07-10,135592.07,O00287,2025-04-06,117494.16,18097.91
C0189,O00564,2026-04-26,151628.1,,,,151628.1
C0189,O00456,2026-06-18,27693.71,O00564,2026-04-26,151628.1,-123934.39
C0190,O00811,2025-07-30,296976.0,,,,296976.0
C0191,O00088,2025-05-22,360585.25,,,,360585.25
C0191,O00476,2025-06-05,136224.81,O00088,2025-05-22,360585.25,-224360.45
C0191,O00928,2026-03-09,357973.52,O00476,2025-06-05,136224.81,221748.71
C0191,O01184,2026-03-18,-22162.02,O00928,2026-03-09,357973.52,-380135.53
C0191,O01064,2026-05-08,100059.9,O01184,2026-03-18,-22162.02,122221.92
C0192,O00174,2025-06-26,321599.42,,,,321599.42
C0192,O00938,2025-09-29,240265.89,O00174,2025-06-26,321599.42,-81333.54
C0193,O00801,2025-08-12,69622.58,,,,69622.58
C0193,O01105,2025-12-15,216114.31,O00801,2025-08-12,69622.58,146491.73
C0193,O00269,2025-12-17,231304.05,O01105,2025-12-15,216114.31,15189.74
C0194,O00896,2025-08-09,35276.09,,,,35276.09
C0198,O01037,2025-05-08,15131.33,,,,15131.33
C0199,O01042,2026-05-28,293999.93,,,,293999.93
C0200,O01130,2026-01-26,44904.68,,,,44904.68
C0201,O01168,2025-12-08,7350.1,,,,7350.1
C0201,O00645,2026-02-04,47796.69,O01168,2025-12-08,7350.1,40446.6
C0201,O00443,2026-07-23,140236.01,O00645,2026-02-04,47796.69,92439.31
C0202,O01051,2026-03-10,50374.4,,,,50374.4
C0203,O00629,2025-12-31,71777.95,,,,71777.95
C0205,O01139,2025-09-13,76628.69,,,,76628.69
C0206,O00061,2025-05-20,226006.98,,,,226006.98
C0206,O00234,2025-06-27,101153.89,O00061,2025-05-20,226006.98,-124853.09
C0207,O01162,2025-11-07,86387.4,,,,86387.4
C0207,O01069,2025-12-19,33776.36,O01162,2025-11-07,86387.4,-52611.04
C0207,O00614,2026-01-19,125629.64,O01069,2025-12-19,33776.36,91853.28
C0208,O00566,2025-10-04,143693.38,,,,143693.38
C0208,O00113,2026-03-28,299360.06,O00566,2025-10-04,143693.38,155666.68
C0209,O00324,2025-03-05,252796.12,,,,252796.12
C0209,O00135,2025-03-27,-8412.96,O00324,2025-03-05,252796.12,-261209.09
C0209,O00406,2025-10-10,3700.9,O00135,2025-03-27,-8412.96,12113.86
C0209,O00894,2026-05-22,87624.92,O00406,2025-10-10,3700.9,83924.02
C0211,O00205,2025-06-10,169223.54,,,,169223.54
C0211,O00274,2025-09-16,8871.44,O00205,2025-06-10,169223.54,-160352.09
C0211,O01074,2025-12-06,192029.68,O00274,2025-09-16,8871.44,183158.24
C0211,O01118,2026-02-03,170310.38,O01074,2025-12-06,192029.68,-21719.3
C0212,O00555,2025-12-04,223227.52,,,,223227.52
C0212,O00378,2026-01-14,68775.5,O00555,2025-12-04,223227.52,-154452.02
C0212,O00209,2026-05-07,127286.79,O00378,2026-01-14,68775.5,58511.29
C0215,O00261,2025-03-01,91978.88,,,,91978.88
C0215,O00594,2025-12-04,69539.44,O00261,2025-03-01,91978.88,-22439.44
C0215,O00959,2026-03-02,282134.39,O00594,2025-12-04,69539.44,212594.95
C0216,O00345,2026-07-01,201629.18,,,,201629.18
C0219,O00122,2025-06-18,50022.76,,,,50022.76
C0223,O00123,2026-02-26,153351.91,,,,153351.91
C0224,O00338,2025-12-06,183668.02,,,,183668.02
C0224,O01146,2026-01-13,44384.59,O00338,2025-12-06,183668.02,-139283.43
C0226,O00093,2026-08-02,77461.83,,,,77461.83
C0227,O00366,2025-01-05,59780.27,,,,59780.27
C0228,O00169,2025-05-05,87117.42,,,,87117.42
C0228,O00251,2025-07-14,325056.16,O00169,2025-05-05,87117.42,237938.75
C0228,O00412,2026-03-22,187197.69,O00251,2025-07-14,325056.16,-137858.47
C0229,O00382,2026-06-14,167323.21,,,,167323.21
C0230,O00242,2025-06-27,202957.66,,,,202957.66
C0230,O00788,2026-05-21,174058.93,O00242,2025-06-27,202957.66,-28898.73
C0231,O00752,2025-08-03,216957.51,,,,216957.51
C0232,O00035,2026-04-16,290229.27,,,,290229.27
C0232,O00565,2026-05-01,46690.2,O00035,2026-04-16,290229.27,-243539.07
C0233,O01103,2025-06-02,255387.77,,,,255387.77
C0235,O00399,2025-02-14,64935.52,,,,64935.52
C0236,O00909,2025-02-24,43322.08,,,,43322.08
C0236,O00023,2025-10-30,127828.92,O00909,2025-02-24,43322.08,84506.84
C0236,O00426,2026-01-27,444384.93,O00023,2025-10-30,127828.92,316556.01
C0237,O00509,2025-08-10,142688.64,,,,142688.64
C0237,O00562,2025-10-01,211063.03,O00509,2025-08-10,142688.64,68374.39
C0239,O01150,2026-01-27,16811.59,,,,16811.59
C0240,O01039,2025-11-07,263546.23,,,,263546.23
C0240,O01021,2026-05-11,43168.98,O01039,2025-11-07,263546.23,-220377.25
C0241,O00901,2025-03-02,135924.47,,,,135924.47
C0241,O01091,2025-08-13,147025.31,O00901,2025-03-02,135924.47,11100.84
C0241,O00726,2026-05-12,233335.18,O01091,2025-08-13,147025.31,86309.87
C0241,O00363,2026-05-14,213486.65,O00726,2026-05-12,233335.18,-19848.52
C0241,O00299,2026-07-18,18022.91,O00363,2026-05-14,213486.65,-195463.74
C0242,O00897,2025-05-30,68044.79,,,,68044.79
C0242,O00879,2025-09-19,147462.35,O00897,2025-05-30,68044.79,79417.56
C0242,O00671,2026-01-14,468154.7,O00879,2025-09-19,147462.35,320692.35
C0243,O01054,2025-02-25,28479.07,,,,28479.07
C0245,O00742,2025-08-12,60608.23,,,,60608.23
C0245,O00137,2025-11-14,246940.55,O00742,2025-08-12,60608.23,186332.32
C0246,O00472,2025-09-27,132352.82,,,,132352.82
C0246,O00128,2025-10-30,232303.64,O00472,2025-09-27,132352.82,99950.82
C0247,O00033,2025-04-20,287703.12,,,,287703.12
C0247,O00182,2025-06-13,23554.58,O00033,2025-04-20,287703.12,-264148.54
C0248,O00430,2026-05-26,42863.41,,,,42863.41
C0248,O00066,2026-05-27,72813.08,O00430,2026-05-26,42863.41,29949.67
C0249,O00488,2025-10-10,208839.57,,,,208839.57
C0250,O00078,2025-04-22,91442.11,,,,91442.11
C0250,O00424,2026-01-22,5709.52,O00078,2025-04-22,91442.11,-85732.59
C0251,O00586,2025-03-23,71231.15,,,,71231.15
C0251,O00790,2026-03-04,181578.21,O00586,2025-03-23,71231.15,110347.06
C0252,O01078,2025-06-28,71708.25,,,,71708.25
C0254,O01085,2025-10-29,22753.85,,,,22753.85
C0254,O00097,2026-07-14,164983.92,O01085,2025-10-29,22753.85,142230.07
C0255,O00295,2025-04-08,175969.39,,,,175969.39
C0255,O00315,2026-06-01,220278.27,O00295,2025-04-08,175969.39,44308.88
C0256,O00104,2025-05-10,255210.76,,,,255210.76
C0256,O00197,2026-04-03,232885.57,O00104,2025-05-10,255210.76,-22325.19
C0257,O00692,2025-02-05,62259.57,,,,62259.57
C0257,O00362,2025-03-16,248224.31,O00692,2025-02-05,62259.57,185964.74
C0257,O00481,2025-07-05,267872.4,O00362,2025-03-16,248224.31,19648.09
C0260,O00686,2025-07-09,179692.44,,,,179692.44
C0262,O01172,2025-06-16,385342.76,,,,385342.76
C0264,O00448,2026-01-05,151121.42,,,,151121.42
C0265,O00349,2025-03-14,110156.65,,,,110156.65
C0265,O00962,2025-05-04,261322.95,O00349,2025-03-14,110156.65,151166.3
C0265,O00632,2025-05-28,200329.33,O00962,2025-05-04,261322.95,-60993.62
C0265,O00238,2026-07-19,98881.27,O00632,2025-05-28,200329.33,-101448.06
C0267,O00666,2025-11-08,123909.68,,,,123909.68
C0268,O00421,2026-04-11,98254.77,,,,98254.77
C0270,O00497,2025-06-08,152074.27,,,,152074.27
C0270,O00427,2025-12-28,29331.51,O00497,2025-06-08,152074.27,-122742.76
C0271,O00907,2025-10-17,34460.61,,,,34460.61
C0272,O01096,2025-01-26,71195.25,,,,71195.25
C0272,O00164,2025-08-01,46393.86,O01096,2025-01-26,71195.25,-24801.39
C0272,O00521,2026-04-17,400637.23,O00164,2025-08-01,46393.86,354243.37
C0274,O00963,2025-02-17,130291.42,,,,130291.42
C0276,O00439,2025-07-11,66853.12,,,,66853.12
C0276,O00141,2026-01-16,234556.13,O00439,2025-07-11,66853.12,167703.0
C0278,O00545,2025-01-09,83579.4,,,,83579.4
C0278,O00455,2025-10-01,160940.69,O00545,2025-01-09,83579.4,77361.29
C0279,O00142,2025-01-31,190626.88,,,,190626.88
C0279,O00463,2026-05-03,98476.6,O00142,2025-01-31,190626.88,-92150.28
C0280,O01135,2025-03-21,26553.68,,,,26553.68
C0280,O01031,2025-09-25,226882.2,O01135,2025-03-21,26553.68,200328.52
C0280,O00679,2025-12-29,175030.1,O01031,2025-09-25,226882.2,-51852.1
C0280,O00785,2026-01-20,117698.11,O00679,2025-12-29,175030.1,-57331.99
C0281,O00114,2025-11-06,134140.24,,,,134140.24
C0282,O00031,2025-01-13,211361.39,,,,211361.39
C0282,O00669,2025-09-16,83840.88,O00031,2025-01-13,211361.39,-127520.51
C0283,O00519,2025-08-08,22935.19,,,,22935.19
C0283,O00222,2026-02-11,59347.45,O00519,2025-08-08,22935.19,36412.26
C0284,O00125,2025-11-19,185747.1,,,,185747.1
C0285,O00812,2025-04-03,118337.1,,,,118337.1
C0285,O00298,2026-05-19,142538.62,O00812,2025-04-03,118337.1,24201.52
C0285,O00776,2026-06-24,30264.98,O00298,2026-05-19,142538.62,-112273.64
C0287,O00441,2026-01-17,268286.63,,,,268286.63
C0288,O00101,2025-03-02,227406.25,,,,227406.25
C0288,O00906,2025-11-17,24747.75,O00101,2025-03-02,227406.25,-202658.5
C0289,O00602,2025-01-12,163921.55,,,,163921.55
C0289,O01101,2025-09-25,-1217.27,O00602,2025-01-12,163921.55,-165138.82
C0290,O00342,2026-01-31,310107.76,,,,310107.76
C0291,O01077,2025-02-14,47495.69,,,,47495.69
C0291,O00110,2025-08-05,97953.08,O01077,2025-02-14,47495.69,50457.39
C0291,O00683,2026-04-02,294029.95,O00110,2025-08-05,97953.08,196076.87
C0291,O00390,2026-08-01,206433.13,O00683,2026-04-02,294029.95,-87596.82
C0294,O00323,2025-10-01,103937.24,,,,103937.24
C0295,O00596,2026-05-11,78073.91,,,,78073.91
C0296,O00089,2025-06-27,231366.94,,,,231366.94
C0296,O01155,2026-06-18,-60896.02,O00089,2025-06-27,231366.94,-292262.96
C0296,O00677,2026-06-28,130147.07,O01155,2026-06-18,-60896.02,191043.09
C0297,O00665,2026-03-08,-26790.8,,,,-26790.8
C0298,O00318,2025-08-11,463426.31,,,,463426.31
C0299,O00667,2025-06-23,21266.0,,,,21266.0
C0299,O00054,2025-11-29,310026.28,O00667,2025-06-23,21266.0,288760.28
C0301,O00833,2026-05-20,420517.55,,,,420517.55
C0302,O00422,2025-04-20,125913.79,,,,125913.79
C0302,O00193,2025-06-29,246964.78,O00422,2025-04-20,125913.79,121050.99
C0302,O00330,2025-07-21,183515.07,O00193,2025-06-29,246964.78,-63449.71
C0303,O00074,2025-12-20,181818.02,,,,181818.02
C0305,O01123,2025-12-22,239609.42,,,,239609.42
C0306,O00267,2025-06-21,309976.02,,,,309976.02
C0306,O00247,2025-11-29,250348.52,O00267,2025-06-21,309976.02,-59627.5
C0306,O00486,2026-06-18,44353.58,O00247,2025-11-29,250348.52,-205994.94
C0308,O00522,2025-09-13,202099.07,,,,202099.07
C0310,O00518,2025-01-17,161363.1,,,,161363.1
C0310,O00787,2025-10-24,31352.15,O00518,2025-01-17,161363.1,-130010.95
C0312,O00984,2025-09-22,153111.16,,,,153111.16
C0312,O00646,2025-11-03,158778.2,O00984,2025-09-22,153111.16,5667.05
C0312,O00805,2026-06-20,130582.14,O00646,2025-11-03,158778.2,-28196.06
C0313,O00358,2026-02-08,272111.36,,,,272111.36
C0314,O00763,2026-04-14,80478.15,,,,80478.15
C0316,O00210,2025-03-25,138422.65,,,,138422.65
C0316,O01182,2025-08-03,432659.72,O00210,2025-03-25,138422.65,294237.07
C0316,O00051,2026-01-05,34098.38,O01182,2025-08-03,432659.72,-398561.34
C0316,O00611,2026-02-03,207421.24,O00051,2026-01-05,34098.38,173322.85
C0317,O00877,2025-09-03,79861.25,,,,79861.25
C0318,O00925,2026-03-19,362328.25,,,,362328.25
C0318,O00616,2026-05-11,110687.69,O00925,2026-03-19,362328.25,-251640.56
C0320,O00837,2025-06-18,255883.12,,,,255883.12
C0320,O00844,2025-09-08,111551.1,O00837,2025-06-18,255883.12,-144332.03
C0321,O00284,2025-02-10,272717.66,,,,272717.66
C0321,O00327,2025-02-18,139925.94,O00284,2025-02-10,272717.66,-132791.72
C0322,O00454,2025-03-23,67227.24,,,,67227.24
C0322,O00317,2025-11-03,276884.01,O00454,2025-03-23,67227.24,209656.77
C0323,O00041,2025-02-03,149185.57,,,,149185.57
C0323,O01193,2026-01-15,165506.96,O00041,2025-02-03,149185.57,16321.39
C0323,O00835,2026-03-17,242593.17,O01193,2026-01-15,165506.96,77086.21
C0324,O00365,2025-06-06,134995.57,,,,134995.57
C0324,O00547,2026-06-05,97431.23,O00365,2025-06-06,134995.57,-37564.35
C0324,O00608,2026-06-18,83242.71,O00547,2026-06-05,97431.23,-14188.52
C0325,O00768,2025-07-30,142077.68,,,,142077.68
C0326,O01030,2026-03-19,101219.42,,,,101219.42
C0327,O00528,2025-02-25,353753.6,,,,353753.6
C0329,O00230,2025-05-18,369849.83,,,,369849.83
C0329,O00341,2025-09-07,103993.69,O00230,2025-05-18,369849.83,-265856.14
C0329,O00621,2025-11-16,286075.69,O00341,2025-09-07,103993.69,182082.0
C0329,O00499,2026-01-08,176493.08,O00621,2025-11-16,286075.69,-109582.61
C0329,O00536,2026-03-10,97457.49,O00499,2026-01-08,176493.08,-79035.58
C0330,O00264,2025-07-24,124228.0,,,,124228.0
C0331,O00319,2025-07-02,76518.42,,,,76518.42
C0332,O00603,2025-11-12,17959.84,,,,17959.84
C0332,O00687,2026-04-10,64655.71,O00603,2025-11-12,17959.84,46695.87
C0333,O00523,2025-08-11,151084.96,,,,151084.96
C0334,O01128,2025-03-20,204194.43,,,,204194.43
C0334,O00727,2025-11-30,121706.95,O01128,2025-03-20,204194.43,-82487.48
C0335,O00161,2025-11-19,260704.27,,,,260704.27
C0335,O01116,2026-01-13,386474.48,O00161,2025-11-19,260704.27,125770.21
C0335,O01142,2026-03-02,171249.36,O01116,2026-01-13,386474.48,-215225.12
C0336,O00888,2025-09-24,194063.62,,,,194063.62
C0336,O00989,2026-06-17,168623.59,O00888,2025-09-24,194063.62,-25440.03
C0337,O01032,2025-12-16,121695.15,,,,121695.15
C0337,O00916,2026-05-26,19613.88,O01032,2025-12-16,121695.15,-102081.27
C0338,O01099,2025-07-25,211643.88,,,,211643.88
C0339,O00633,2025-07-07,61371.52,,,,61371.52
C0340,O00771,2025-01-05,211511.47,,,,211511.47
C0340,O00227,2025-02-09,74374.05,O00771,2025-01-05,211511.47,-137137.42
C0340,O00367,2025-10-11,155988.65,O00227,2025-02-09,74374.05,81614.6
C0340,O00255,2025-11-11,218141.81,O00367,2025-10-11,155988.65,62153.16
C0341,O00746,2025-03-14,52811.52,,,,52811.52
C0341,O00016,2025-08-11,184696.78,O00746,2025-03-14,52811.52,131885.26
C0343,O00968,2025-04-12,-13992.46,,,,-13992.46
C0343,O00724,2025-10-19,240096.94,O00968,2025-04-12,-13992.46,254089.4
C0345,O01094,2025-02-12,83926.33,,,,83926.33
C0345,O00849,2025-04-13,311357.36,O01094,2025-02-12,83926.33,227431.02
C0346,O00513,2025-07-04,124426.12,,,,124426.12
C0346,O01192,2025-09-30,146250.24,O00513,2025-07-04,124426.12,21824.12
C0346,O00024,2026-05-27,71745.19,O01192,2025-09-30,146250.24,-74505.05
C0347,O00203,2025-03-18,340772.51,,,,340772.51
C0347,O00605,2025-06-29,31488.62,O00203,2025-03-18,340772.51,-309283.89
C0347,O00294,2026-08-02,196948.2,O00605,2025-06-29,31488.62,165459.59
C0348,O00904,2025-06-23,306010.91,,,,306010.91
C0348,O00955,2026-06-04,203617.14,O00904,2025-06-23,306010.91,-102393.77
C0351,O00393,2025-09-28,183602.07,,,,183602.07
C0351,O00428,2026-02-13,137788.15,O00393,2025-09-28,183602.07,-45813.92
C0351,O00639,2026-03-18,-2919.26,O00428,2026-02-13,137788.15,-140707.41
C0352,O00111,2025-05-14,66717.34,,,,66717.34
C0352,O00663,2025-11-16,174337.42,O00111,2025-05-14,66717.34,107620.08
C0353,O01181,2025-04-22,267938.81,,,,267938.81
C0354,O00674,2025-06-21,119873.39,,,,119873.39
C0356,O00550,2026-02-07,199378.07,,,,199378.07
C0356,O00492,2026-05-15,83367.15,O00550,2026-02-07,199378.07,-116010.93
C0357,O00075,2025-04-29,14574.19,,,,14574.19
C0357,O00495,2025-07-14,29596.32,O00075,2025-04-29,14574.19,15022.13
C0357,O00635,2026-04-18,159964.18,O00495,2025-07-14,29596.32,130367.86
C0358,O00243,2025-10-09,159299.44,,,,159299.44
C0359,O00624,2026-06-11,73655.17,,,,73655.17
C0361,O00025,2026-05-18,356535.25,,,,356535.25
C0363,O00609,2025-08-02,49667.25,,,,49667.25
C0363,O00597,2025-09-23,106363.31,O00609,2025-08-02,49667.25,56696.06
C0364,O00450,2026-07-06,169088.46,,,,169088.46
C0365,O00166,2025-06-01,321901.52,,,,321901.52
C0365,O00795,2025-10-07,26888.5,O00166,2025-06-01,321901.52,-295013.02
C0365,O01194,2026-02-13,96434.45,O00795,2025-10-07,26888.5,69545.95
C0366,O00462,2025-06-24,167645.19,,,,167645.19
C0366,O00843,2026-01-25,72939.41,O00462,2025-06-24,167645.19,-94705.78
C0367,O01038,2025-01-21,81611.5,,,,81611.5
C0367,O00352,2025-02-16,356672.32,O01038,2025-01-21,81611.5,275060.82
C0367,O00181,2025-03-01,398767.92,O00352,2025-02-16,356672.32,42095.6
C0367,O00493,2025-07-17,36459.91,O00181,2025-03-01,398767.92,-362308.01
C0367,O00335,2026-05-18,26406.47,O00493,2025-07-17,36459.91,-10053.43
C0368,O00649,2025-01-01,286278.84,,,,286278.84
C0368,O00178,2025-01-20,32939.73,O00649,2025-01-01,286278.84,-253339.1
C0368,O00184,2025-06-30,155249.4,O00178,2025-01-20,32939.73,122309.67
C0368,O00291,2025-07-05,49173.44,O00184,2025-06-30,155249.4,-106075.97
C0368,O00019,2026-01-25,83874.21,O00291,2025-07-05,49173.44,34700.77
C0368,O00090,2026-04-07,155980.64,O00019,2026-01-25,83874.21,72106.43
C0369,O00143,2025-03-20,132585.42,,,,132585.42
C0369,O00591,2025-07-01,48557.0,O00143,2025-03-20,132585.42,-84028.42
C0370,O00235,2025-02-03,818.18,,,,818.18
C0371,O00438,2026-01-24,108215.64,,,,108215.64
C0371,O00973,2026-04-15,22805.87,O00438,2026-01-24,108215.64,-85409.77
C0371,O00791,2026-05-20,160757.0,O00973,2026-04-15,22805.87,137951.13
C0372,O00875,2025-10-12,2442.5,,,,2442.5
C0372,O00798,2025-11-05,197292.52,O00875,2025-10-12,2442.5,194850.03
C0372,O00804,2026-05-07,168463.24,O00798,2025-11-05,197292.52,-28829.28
C0375,O00373,2026-04-29,104346.64,,,,104346.64
C0377,O00926,2025-05-15,79777.2,,,,79777.2
C0377,O00329,2025-08-19,93074.97,O00926,2025-05-15,79777.2,13297.76
C0377,O00755,2026-06-30,216160.72,O00329,2025-08-19,93074.97,123085.75
C0378,O00107,2026-02-17,171785.34,,,,171785.34
C0378,O01173,2026-06-06,65915.38,O00107,2026-02-17,171785.34,-105869.97
C0379,O00648,2025-05-11,46447.71,,,,46447.71
C0381,O00489,2026-05-02,288227.83,,,,288227.83
C0382,O00985,2025-04-24,144964.51,,,,144964.51
C0382,O01081,2025-11-09,86783.34,O00985,2025-04-24,144964.51,-58181.17
C0383,O00029,2025-01-10,184197.04,,,,184197.04
C0383,O00538,2025-02-15,178520.65,O00029,2025-01-10,184197.04,-5676.39
C0383,O00470,2025-08-25,159850.15,O00538,2025-02-15,178520.65,-18670.5
C0383,O00356,2025-11-02,257546.94,O00470,2025-08-25,159850.15,97696.79
C0384,O01169,2025-01-05,199156.34,,,,199156.34
C0384,O00245,2025-01-08,144126.3,O01169,2025-01-05,199156.34,-55030.03
C0384,O01083,2025-07-14,228156.25,O00245,2025-01-08,144126.3,84029.95
C0384,O01092,2026-03-12,95222.05,O01083,2025-07-14,228156.25,-132934.2
C0385,O00516,2025-09-04,243439.04,,,,243439.04
C0385,O00610,2025-10-15,154623.51,O00516,2025-09-04,243439.04,-88815.53
C0386,O00155,2025-01-10,125723.52,,,,125723.52
C0387,O00036,2025-02-02,256343.17,,,,256343.17
C0387,O01188,2025-06-20,144217.15,O00036,2025-02-02,256343.17,-112126.02
C0387,O01003,2026-08-03,178590.58,O01188,2025-06-20,144217.15,34373.43
C0388,O00381,2026-07-12,114652.98,,,,114652.98
C0389,O00498,2025-01-01,147070.96,,,,147070.96
C0389,O00592,2025-11-03,430892.75,O00498,2025-01-01,147070.96,283821.78
C0390,O01027,2025-10-07,158989.73,,,,158989.73
C0391,O01058,2025-02-27,112971.84,,,,112971.84
C0393,O00119,2025-05-16,270232.39,,,,270232.39
C0393,O00146,2025-09-08,171104.89,O00119,2025-05-16,270232.39,-99127.5
C0393,O00266,2025-12-19,297928.72,O00146,2025-09-08,171104.89,126823.83
C0393,O00263,2026-03-16,304447.16,O00266,2025-12-19,297928.72,6518.44
C0393,O00673,2026-05-23,279343.31,O00263,2026-03-16,304447.16,-25103.85
C0394,O01177,2025-01-13,101684.23,,,,101684.23
C0394,O00124,2025-05-24,104345.93,O01177,2025-01-13,101684.23,2661.71
C0394,O00699,2025-07-27,145416.09,O00124,2025-05-24,104345.93,41070.16
C0394,O00638,2025-09-07,51451.31,O00699,2025-07-27,145416.09,-93964.79
C0394,O00652,2026-05-02,193830.19,O00638,2025-09-07,51451.31,142378.89
C0395,O00482,2025-05-05,154397.02,,,,154397.02
C0396,O00546,2025-04-21,146586.69,,,,146586.69
C0397,O00215,2025-08-21,157844.72,,,,157844.72
C0397,O01036,2026-01-21,161180.64,O00215,2025-08-21,157844.72,3335.92
C0398,O00504,2025-02-02,165268.8,,,,165268.8
C0398,O00183,2025-08-13,202673.62,O00504,2025-02-02,165268.8,37404.82
C0398,O00688,2025-10-11,191421.4,O00183,2025-08-13,202673.62,-11252.22
C0398,O00179,2025-12-19,159312.72,O00688,2025-10-11,191421.4,-32108.68
C0398,O00084,2026-06-25,135233.55,O00179,2025-12-19,159312.72,-24079.17
C0399,O00043,2025-06-16,5068.69,,,,5068.69
C0399,O00081,2025-07-22,112724.09,O00043,2025-06-16,5068.69,107655.4
C0399,O00326,2025-08-18,166784.13,O00081,2025-07-22,112724.09,54060.04
C0399,O00350,2026-02-19,66745.09,O00326,2025-08-18,166784.13,-100039.04
C0399,O00484,2026-06-18,221399.62,O00350,2026-02-19,66745.09,154654.53
C0400,O00956,2025-05-15,250748.8,,,,250748.8
C0400,O00871,2025-11-17,69634.38,O00956,2025-05-15,250748.8,-181114.42
C0400,O00471,2026-03-24,361436.66,O00871,2025-11-17,69634.38,291802.28
C0400,O00676,2026-06-30,184147.52,O00471,2026-03-24,361436.66,-177289.13
C0401,O00756,2025-07-12,163851.4,,,,163851.4
C0401,O00694,2025-09-30,143520.39,O00756,2025-07-12,163851.4,-20331.01
C0402,O00948,2025-10-29,46210.45,,,,46210.45
C0403,O00889,2025-03-28,254738.33,,,,254738.33
C0403,O00936,2025-07-03,118022.49,O00889,2025-03-28,254738.33,-136715.83
C0403,O00309,2025-07-20,78452.51,O00936,2025-07-03,118022.49,-39569.98
C0403,O00063,2025-09-06,58723.33,O00309,2025-07-20,78452.51,-19729.18
C0403,O00105,2025-09-11,10734.11,O00063,2025-09-06,58723.33,-47989.22
C0403,O00207,2025-11-01,46523.02,O00105,2025-09-11,10734.11,35788.9
C0403,O01034,2026-07-24,135003.38,O00207,2025-11-01,46523.02,88480.36
C0404,O00159,2025-04-08,414956.26,,,,414956.26
C0405,O00942,2026-01-05,172720.01,,,,172720.01
C0405,O01006,2026-02-24,107274.88,O00942,2026-01-05,172720.01,-65445.13
C0406,O01041,2025-08-03,188843.03,,,,188843.03
C0406,O00190,2026-01-09,24856.49,O01041,2025-08-03,188843.03,-163986.54
C0407,O00034,2025-09-16,365109.56,,,,365109.56
C0407,O00236,2026-01-13,165043.15,O00034,2025-09-16,365109.56,-200066.4
C0408,O00572,2025-02-20,51189.08,,,,51189.08
C0408,O00899,2025-05-17,211110.06,O00572,2025-02-20,51189.08,159920.99
C0408,O00042,2025-05-28,238253.81,O00899,2025-05-17,211110.06,27143.75
C0409,O00675,2025-04-29,92049.42,,,,92049.42
C0410,O00950,2026-07-22,236440.79,,,,236440.79
C0411,O00413,2025-02-08,96569.31,,,,96569.31
C0411,O00697,2026-01-03,26149.68,O00413,2025-02-08,96569.31,-70419.63
C0412,O01195,2025-01-04,253045.55,,,,253045.55
C0412,O00003,2025-02-19,294252.55,O01195,2025-01-04,253045.55,41207.0
C0412,O01144,2026-01-01,22197.94,O00003,2025-02-19,294252.55,-272054.61
C0412,O00774,2026-07-19,399425.06,O01144,2026-01-01,22197.94,377227.12
C0413,O00992,2025-03-21,158502.48,,,,158502.48
C0414,O00826,2025-12-13,322214.35,,,,322214.35
C0414,O01108,2025-12-14,103127.87,O00826,2025-12-13,322214.35,-219086.49
C0415,O00828,2025-12-31,202673.38,,,,202673.38
C0415,O00453,2026-03-08,182169.16,O00828,2025-12-31,202673.38,-20504.22
C0416,O00704,2025-12-12,17858.04,,,,17858.04
C0416,O00418,2026-02-14,262921.44,O00704,2025-12-12,17858.04,245063.4
C0417,O00231,2025-04-02,164715.26,,,,164715.26
C0417,O00163,2025-06-18,274165.01,O00231,2025-04-02,164715.26,109449.75
C0418,O00818,2026-03-11,79772.65,,,,79772.65
C0419,O00402,2025-10-18,211130.37,,,,211130.37
C0420,O00501,2025-06-07,131564.6,,,,131564.6
C0420,O00308,2026-05-20,128993.35,O00501,2025-06-07,131564.6,-2571.25
C0421,O00387,2026-05-06,163821.98,,,,163821.98
C0422,O00682,2025-01-09,236644.83,,,,236644.83
C0422,O00103,2025-04-08,54983.94,O00682,2025-01-09,236644.83,-181660.89
C0422,O00292,2026-05-10,31567.24,O00103,2025-04-08,54983.94,-23416.7
C0422,O00735,2026-07-21,252745.67,O00292,2026-05-10,31567.24,221178.43
C0423,O00728,2025-11-30,112240.19,,,,112240.19
C0424,O00021,2025-11-24,171955.23,,,,171955.23
C0424,O00607,2026-07-04,326902.96,O00021,2025-11-24,171955.23,154947.72
C0425,O00223,2026-06-20,456369.29,,,,456369.29
C0426,O00655,2025-03-28,64883.78,,,,64883.78
C0426,O00507,2026-01-05,124814.27,O00655,2025-03-28,64883.78,59930.49
C0427,O00009,2026-01-26,226206.37,,,,226206.37
C0427,O00915,2026-06-23,102698.03,O00009,2026-01-26,226206.37,-123508.35
C0428,O00738,2025-06-02,38977.22,,,,38977.22
C0428,O00952,2025-11-20,72141.86,O00738,2025-06-02,38977.22,33164.64
C0428,O01002,2025-12-24,90993.26,O00952,2025-11-20,72141.86,18851.4
C0428,O01183,2026-05-19,241435.92,O01002,2025-12-24,90993.26,150442.65
C0429,O00733,2025-04-24,343765.14,,,,343765.14
C0429,O00068,2026-02-15,65557.69,O00733,2025-04-24,343765.14,-278207.45
C0429,O01071,2026-08-03,187383.23,O00068,2026-02-15,65557.69,121825.53
C0430,O00147,2025-02-06,23525.12,,,,23525.12
C0430,O00156,2025-04-17,214459.3,O00147,2025-02-06,23525.12,190934.17
C0430,O00582,2025-07-03,74844.32,O00156,2025-04-17,214459.3,-139614.97
C0430,O00395,2026-06-20,34225.43,O00582,2025-07-03,74844.32,-40618.89
C0431,O00478,2025-01-16,90621.14,,,,90621.14
C0431,O00759,2026-07-09,269375.72,O00478,2025-01-16,90621.14,178754.58
C0432,O00444,2026-04-30,132708.45,,,,132708.45
C0433,O00321,2026-07-01,168908.76,,,,168908.76
C0434,O01178,2025-03-24,167058.9,,,,167058.9
C0434,O00435,2025-05-12,291032.9,O01178,2025-03-24,167058.9,123974.0
C0434,O00405,2025-09-17,115879.48,O00435,2025-05-12,291032.9,-175153.42
C0435,O01161,2025-06-18,190727.95,,,,190727.95
C0435,O00657,2026-01-29,282113.5,O01161,2025-06-18,190727.95,91385.55
C0435,O00782,2026-03-30,291852.96,O00657,2026-01-29,282113.5,9739.46
C0436,O00807,2025-05-09,205649.14,,,,205649.14
C0436,O00990,2026-01-05,76261.8,O00807,2025-05-09,205649.14,-129387.34
C0437,O00710,2025-08-14,133613.47,,,,133613.47
C0438,O00208,2025-06-07,68471.86,,,,68471.86
C0438,O00932,2025-11-04,337268.88,O00208,2025-06-07,68471.86,268797.02
C0438,O00512,2026-01-02,129280.35,O00932,2025-11-04,337268.88,-207988.53
C0438,O00779,2026-01-05,121940.4,O00512,2026-01-02,129280.35,-7339.95
C0439,O00822,2025-08-20,181703.49,,,,181703.49
C0440,O00972,2026-03-08,305317.59,,,,305317.59
C0441,O00032,2025-01-18,363553.69,,,,363553.69
C0441,O00961,2025-02-02,95935.81,O00032,2025-01-18,363553.69,-267617.88
C0441,O00515,2026-01-16,366145.38,O00961,2025-02-02,95935.81,270209.57
C0441,O00469,2026-05-04,139714.13,O00515,2026-01-16,366145.38,-226431.25
C0442,O00808,2025-03-21,31256.14,,,,31256.14
C0442,O00052,2025-04-15,219026.98,O00808,2025-03-21,31256.14,187770.84
C0442,O00398,2026-07-07,229273.33,O00052,2025-04-15,219026.98,10246.35
C0443,O00949,2025-04-16,38192.15,,,,38192.15
C0444,O00905,2025-04-02,137680.9,,,,137680.9
C0445,O00487,2025-08-12,194968.68,,,,194968.68
C0445,O00939,2025-09-23,149675.22,O00487,2025-08-12,194968.68,-45293.46
C0445,O00526,2025-12-09,180544.47,O00939,2025-09-23,149675.22,30869.25
C0445,O00268,2026-06-17,110963.79,O00526,2025-12-09,180544.47,-69580.68
C0447,O01065,2025-03-03,176602.04,,,,176602.04
C0447,O00850,2025-06-20,286178.49,O01065,2025-03-03,176602.04,109576.45
C0447,O00910,2025-09-24,116016.51,O00850,2025-06-20,286178.49,-170161.99
C0447,O00864,2025-11-14,2544.91,O00910,2025-09-24,116016.51,-113471.6
C0448,O00191,2025-11-06,57280.31,,,,57280.31
C0449,O00964,2025-04-17,85381.66,,,,85381.66
C0449,O00286,2025-06-24,113130.64,O00964,2025-04-17,85381.66,27748.97
C0452,O00767,2025-02-12,207626.68,,,,207626.68
C0452,O00689,2025-09-22,150714.24,O00767,2025-02-12,207626.68,-56912.44
C0452,O00622,2025-10-11,122979.69,O00689,2025-09-22,150714.24,-27734.55
C0453,O00967,2025-06-10,36291.24,,,,36291.24
C0453,O00691,2025-08-12,31295.32,O00967,2025-06-10,36291.24,-4995.92
C0453,O00537,2025-11-09,196128.64,O00691,2025-08-12,31295.32,164833.33
C0454,O00878,2025-05-05,380318.82,,,,380318.82
C0455,O00273,2025-02-19,32252.48,,,,32252.48
C0455,O00171,2025-03-18,452696.42,O00273,2025-02-19,32252.48,420443.93
C0455,O00092,2026-02-23,3383.47,O00171,2025-03-18,452696.42,-449312.95
C0455,O00781,2026-07-29,837.84,O00092,2026-02-23,3383.47,-2545.63
C0456,O01093,2025-05-18,80400.15,,,,80400.15
C0456,O01035,2026-07-06,153737.07,O01093,2025-05-18,80400.15,73336.92
C0457,O01023,2025-05-09,272067.58,,,,272067.58
C0457,O00343,2026-01-19,88144.54,O01023,2025-05-09,272067.58,-183923.04
C0458,O01055,2026-03-26,317137.99,,,,317137.99
C0460,O00067,2026-03-10,5122.48,,,,5122.48
C0460,O00953,2026-05-22,130255.67,O00067,2026-03-10,5122.48,125133.19
C0461,O00013,2025-07-28,113025.78,,,,113025.78
C0461,O00447,2026-05-03,140989.84,O00013,2025-07-28,113025.78,27964.06
C0461,O00947,2026-05-12,49328.43,O00447,2026-05-03,140989.84,-91661.41
C0462,O00047,2025-01-31,240117.27,,,,240117.27
C0462,O00364,2025-03-13,481789.69,O00047,2025-01-31,240117.27,241672.42
C0462,O00717,2025-05-27,55705.12,O00364,2025-03-13,481789.69,-426084.57
C0462,O01185,2026-05-14,135025.83,O00717,2025-05-27,55705.12,79320.71
C0463,O00574,2025-05-26,305675.66,,,,305675.66
C0463,O00106,2025-10-03,139689.98,O00574,2025-05-26,305675.66,-165985.68
C0463,O01112,2026-05-02,44007.43,O00106,2025-10-03,139689.98,-95682.55
C0463,O01025,2026-07-05,261973.29,O01112,2026-05-02,44007.43,217965.85
C0464,O00305,2026-04-30,198023.98,,,,198023.98
C0465,O00576,2025-11-28,174154.32,,,,174154.32
C0465,O00856,2026-02-16,160219.73,O00576,2025-11-28,174154.32,-13934.59
C0466,O00304,2025-02-25,142184.51,,,,142184.51
C0466,O00730,2025-05-29,72014.43,O00304,2025-02-25,142184.51,-70170.08
C0466,O00937,2025-11-01,72353.5,O00730,2025-05-29,72014.43,339.07
C0468,O00570,2025-02-09,-19043.58,,,,-19043.58
C0468,O00303,2025-11-08,184297.66,O00570,2025-02-09,-19043.58,203341.24
C0468,O00708,2025-11-11,476690.7,O00303,2025-11-08,184297.66,292393.04
C0468,O00464,2026-07-07,338015.39,O00708,2025-11-11,476690.7,-138675.31
C0469,O00085,2025-04-27,227975.08,,,,227975.08
C0469,O00311,2025-05-07,100865.44,O00085,2025-04-27,227975.08,-127109.64
C0469,O00083,2025-07-11,191280.45,O00311,2025-05-07,100865.44,90415.01
C0469,O00094,2025-08-19,192475.79,O00083,2025-07-11,191280.45,1195.34
C0469,O00259,2025-12-17,9671.53,O00094,2025-08-19,192475.79,-182804.26
C0470,O00898,2026-01-14,17969.43,,,,17969.43
C0470,O00770,2026-02-19,233222.15,O00898,2026-01-14,17969.43,215252.72
C0470,O00158,2026-02-27,271247.44,O00770,2026-02-19,233222.15,38025.29
C0471,O00112,2025-02-17,232933.0,,,,232933.0
C0472,O01004,2025-05-16,303010.65,,,,303010.65
C0472,O00483,2025-09-11,78970.12,O01004,2025-05-16,303010.65,-224040.53
C0474,O00079,2025-06-13,178064.6,,,,178064.6
C0474,O00736,2025-08-10,4540.32,O00079,2025-06-13,178064.6,-173524.28
C0474,O01129,2025-09-16,105137.27,O00736,2025-08-10,4540.32,100596.95
C0475,O00929,2025-04-06,287792.15,,,,287792.15
C0475,O00011,2025-11-04,138645.21,O00929,2025-04-06,287792.15,-149146.94
C0475,O00641,2026-05-14,276227.14,O00011,2025-11-04,138645.21,137581.93
C0475,O00945,2026-07-06,41840.74,O00641,2026-05-14,276227.14,-234386.4
C0476,O01088,2026-06-06,202627.71,,,,202627.71
C0477,O00150,2025-02-17,35170.26,,,,35170.26
C0477,O00749,2025-02-22,459157.22,O00150,2025-02-17,35170.26,423986.96
C0477,O00631,2025-04-10,176552.26,O00749,2025-02-22,459157.22,-282604.96
C0479,O01070,2025-07-13,175460.28,,,,175460.28
C0479,O00858,2026-05-27,34514.55,O01070,2025-07-13,175460.28,-140945.73
C0481,O00954,2025-06-15,19235.96,,,,19235.96
C0481,O00664,2026-04-26,286661.32,O00954,2025-06-15,19235.96,267425.36
C0482,O00256,2025-10-29,323764.32,,,,323764.32
C0484,O00789,2025-06-07,98117.95,,,,98117.95
C0485,O00458,2025-04-16,139325.88,,,,139325.88
C0485,O00010,2026-01-21,214494.85,O00458,2025-04-16,139325.88,75168.98
C0487,O00816,2025-08-08,196773.15,,,,196773.15
C0487,O01197,2026-01-13,-7930.07,O00816,2025-08-08,196773.15,-204703.22
C0487,O00634,2026-04-10,446670.5,O01197,2026-01-13,-7930.07,454600.57
C0487,O00216,2026-07-03,302811.74,O00634,2026-04-10,446670.5,-143858.76
C0488,O00076,2025-07-31,128706.99,,,,128706.99
C0488,O00716,2025-10-18,245984.95,O00076,2025-07-31,128706.99,117277.96
C0488,O00792,2026-03-23,191478.75,O00716,2025-10-18,245984.95,-54506.2
C0488,O00585,2026-05-21,402609.67,O00792,2026-03-23,191478.75,211130.92
C0489,O00563,2025-01-27,11983.99,,,,11983.99
C0489,O00401,2025-04-11,40585.83,O00563,2025-01-27,11983.99,28601.84
C0490,O01189,2025-12-17,427783.55,,,,427783.55
C0490,O00887,2026-02-25,190583.26,O01189,2025-12-17,427783.55,-237200.29
C0490,O01174,2026-03-11,220063.16,O00887,2026-02-25,190583.26,29479.9
C0490,O00931,2026-03-24,145755.04,O01174,2026-03-11,220063.16,-74308.12
C0490,O00288,2026-04-13,240068.39,O00931,2026-03-24,145755.04,94313.36
C0491,O00017,2025-08-05,187584.53,,,,187584.53
C0491,O00773,2025-12-13,246194.37,O00017,2025-08-05,187584.53,58609.84
C0491,O00176,2026-05-26,74460.14,O00773,2025-12-13,246194.37,-171734.23
C0492,O00918,2025-01-30,41064.63,,,,41064.63
C0494,O00246,2025-10-17,33713.14,,,,33713.14
C0494,O00696,2026-01-29,180767.69,O00246,2025-10-17,33713.14,147054.55
C0494,O00391,2026-04-05,226366.99,O00696,2026-01-29,180767.69,45599.3
C0494,O00425,2026-04-17,70282.59,O00391,2026-04-05,226366.99,-156084.4
C0494,O00397,2026-05-31,351084.57,O00425,2026-04-17,70282.59,280801.98
C0495,O00290,2025-04-17,239704.24,,,,239704.24
C0495,O00659,2026-01-11,251567.1,O00290,2025-04-17,239704.24,11862.86
C0495,O00542,2026-06-20,78769.1,O00659,2026-01-11,251567.1,-172798.0
C0496,O00057,2026-03-22,264785.41,,,,264785.41
C0497,O00729,2025-08-14,239058.59,,,,239058.59
C0498,O00225,2025-12-19,127556.91,,,,127556.91
C0499,O00654,2025-01-17,454309.85,,,,454309.85
C0499,O00368,2026-04-02,99895.25,O00654,2025-01-17,454309.85,-354414.6
C0499,O00445,2026-07-01,287477.55,O00368,2026-04-02,99895.25,187582.3
C0500,O00377,2026-05-11,253936.75,,,,253936.75
C0501,O01086,2025-05-10,-37115.14,,,,-37115.14
C0501,O01001,2025-08-09,240586.8,O01086,2025-05-10,-37115.14,277701.94
C0502,O00567,2025-07-01,179101.76,,,,179101.76
C0502,O01170,2026-02-09,17458.71,O00567,2025-07-01,179101.76,-161643.05
C0504,O00881,2025-02-04,15584.24,,,,15584.24
C0504,O01012,2025-11-25,236185.84,O00881,2025-02-04,15584.24,220601.6
C0504,O00475,2026-04-09,33156.78,O01012,2025-11-25,236185.84,-203029.06
C0505,O00432,2025-05-03,13747.02,,,,13747.02
C0505,O00056,2025-05-23,216765.78,O00432,2025-05-03,13747.02,203018.76
C0505,O00199,2026-03-06,156232.0,O00056,2025-05-23,216765.78,-60533.77
C0506,O00281,2025-04-24,203320.33,,,,203320.33
C0507,O01089,2026-06-23,61169.98,,,,61169.98
C0508,O00058,2025-09-15,234309.54,,,,234309.54
C0508,O01072,2026-04-11,287157.57,O00058,2025-09-15,234309.54,52848.02
C0508,O00297,2026-06-02,59242.98,O01072,2026-04-11,287157.57,-227914.59
C0509,O00612,2025-02-02,156125.45,,,,156125.45
C0509,O00195,2025-08-15,292206.75,O00612,2025-02-02,156125.45,136081.3
C0509,O00173,2026-03-20,134818.91,O00195,2025-08-15,292206.75,-157387.84
C0510,O00249,2025-05-24,159089.65,,,,159089.65
C0510,O01095,2026-03-19,41629.68,O00249,2025-05-24,159089.65,-117459.97
C0511,O00584,2025-09-17,225831.04,,,,225831.04
C0511,O00993,2026-02-09,-52755.7,O00584,2025-09-17,225831.04,-278586.74
C0512,O00037,2025-01-10,103446.47,,,,103446.47
C0512,O00718,2025-02-08,85733.17,O00037,2025-01-10,103446.47,-17713.29
C0512,O01107,2025-05-12,65468.85,O00718,2025-02-08,85733.17,-20264.32
C0513,O00257,2025-03-14,57422.76,,,,57422.76
C0513,O00869,2025-08-30,300743.79,O00257,2025-03-14,57422.76,243321.02
C0513,O00615,2026-06-03,78139.0,O00869,2025-08-30,300743.79,-222604.79
C0513,O00548,2026-06-29,128882.36,O00615,2026-06-03,78139.0,50743.36
C0514,O00658,2026-05-26,159457.04,,,,159457.04
C0514,O00133,2026-06-03,61594.17,O00658,2026-05-26,159457.04,-97862.87
C0516,O00935,2025-09-18,43368.45,,,,43368.45
C0517,O01019,2025-08-31,13705.03,,,,13705.03
C0517,O00530,2026-04-02,139884.09,O01019,2025-08-31,13705.03,126179.07
C0522,O01063,2025-07-18,114743.43,,,,114743.43
C0522,O00127,2025-11-05,21247.93,O01063,2025-07-18,114743.43,-93495.5
C0522,O00656,2026-03-12,137133.62,O00127,2025-11-05,21247.93,115885.69
C0523,O00374,2025-10-25,203366.85,,,,203366.85
C0524,O00087,2025-07-07,152666.57,,,,152666.57
C0524,O00434,2025-10-09,236378.0,O00087,2025-07-07,152666.57,83711.43
C0525,O00359,2025-08-05,239556.83,,,,239556.83
C0526,O01097,2025-03-26,46753.44,,,,46753.44
C0526,O00995,2026-05-12,103777.88,O01097,2025-03-26,46753.44,57024.44
C0526,O00933,2026-07-19,349443.53,O00995,2026-05-12,103777.88,245665.65
C0527,O00384,2026-03-27,293383.01,,,,293383.01
C0527,O00796,2026-06-27,8366.21,O00384,2026-03-27,293383.01,-285016.8
C0529,O00857,2025-07-04,373864.22,,,,373864.22
C0530,O00974,2025-05-30,218620.34,,,,218620.34
C0531,O00415,2025-01-11,1193.69,,,,1193.69
C0531,O01067,2025-12-18,130179.09,O00415,2025-01-11,1193.69,128985.4
C0532,O00117,2025-03-21,301727.46,,,,301727.46
C0533,O00403,2025-01-08,108013.68,,,,108013.68
C0533,O00275,2025-11-05,-16418.12,O00403,2025-01-08,108013.68,-124431.8
C0534,O00553,2025-05-21,150686.66,,,,150686.66
C0534,O01157,2025-08-16,120303.69,O00553,2025-05-21,150686.66,-30382.97
C0535,O00618,2026-04-16,176508.69,,,,176508.69
C0536,O00278,2025-07-24,179648.55,,,,179648.55
C0536,O01044,2025-09-23,235753.07,O00278,2025-07-24,179648.55,56104.52
C0536,O00661,2025-10-14,52902.44,O01044,2025-09-23,235753.07,-182850.64
C0537,O00534,2025-07-20,118544.35,,,,118544.35
C0537,O01115,2025-10-18,306240.6,O00534,2025-07-20,118544.35,187696.26
C0537,O00233,2026-02-18,193085.32,O01115,2025-10-18,306240.6,-113155.28
C0538,O00293,2025-09-25,154263.37,,,,154263.37
C0538,O00613,2026-04-08,28586.87,O00293,2025-09-25,154263.37,-125676.5
C0538,O00930,2026-05-23,201658.31,O00613,2026-04-08,28586.87,173071.44
C0539,O00177,2026-01-28,319196.46,,,,319196.46
C0539,O00893,2026-08-04,309807.07,O00177,2026-01-28,319196.46,-9389.4
C0540,O00543,2025-01-19,130867.73,,,,130867.73
C0541,O00978,2025-12-19,248076.92,,,,248076.92
C0541,O00951,2026-05-15,168497.87,O00978,2025-12-19,248076.92,-79579.05
C0541,O00038,2026-08-03,207836.08,O00951,2026-05-15,168497.87,39338.22
C0543,O00549,2025-01-23,30868.64,,,,30868.64
C0543,O00762,2026-05-13,41481.63,O00549,2025-01-23,30868.64,10612.99
C0544,O01196,2025-01-27,218198.25,,,,218198.25
C0545,O00473,2025-10-06,59172.76,,,,59172.76
C0545,O01010,2026-05-30,52589.24,O00473,2025-10-06,59172.76,-6583.52
C0546,O01049,2025-02-18,109731.4,,,,109731.4
C0546,O00558,2025-06-11,28983.02,O01049,2025-02-18,109731.4,-80748.39
C0546,O01136,2025-07-02,53843.22,O00558,2025-06-11,28983.02,24860.21
C0546,O01045,2025-07-16,257206.3,O01136,2025-07-02,53843.22,203363.08
C0546,O01179,2025-09-16,169015.28,O01045,2025-07-16,257206.3,-88191.02
C0547,O00769,2026-01-17,203913.36,,,,203913.36
C0547,O00465,2026-03-22,115857.93,O00769,2026-01-17,203913.36,-88055.42
C0547,O01028,2026-06-07,187594.52,O00465,2026-03-22,115857.93,71736.59
C0548,O01134,2025-04-13,159062.14,,,,159062.14
C0548,O00109,2026-01-02,467424.1,O01134,2025-04-13,159062.14,308361.96
C0550,O00491,2025-03-03,37761.95,,,,37761.95
C0550,O01117,2026-02-05,343301.35,O00491,2025-03-03,37761.95,305539.4
C0550,O00705,2026-04-15,231114.86,O01117,2026-02-05,343301.35,-112186.49
C0551,O00725,2025-02-14,317146.68,,,,317146.68
C0551,O00981,2025-07-22,117585.47,O00725,2025-02-14,317146.68,-199561.21
C0551,O00815,2025-10-16,263579.31,O00981,2025-07-22,117585.47,145993.84
C0551,O00134,2026-02-16,169608.15,O00815,2025-10-16,263579.31,-93971.16
C0551,O00346,2026-03-11,397081.66,O00134,2026-02-16,169608.15,227473.51
C0551,O00541,2026-04-28,271736.31,O00346,2026-03-11,397081.66,-125345.35
C0553,O01156,2025-12-06,364131.77,,,,364131.77
C0553,O00855,2026-06-01,57059.62,O01156,2025-12-06,364131.77,-307072.15
C0554,O01024,2025-07-28,239312.32,,,,239312.32
C0554,O00702,2025-09-02,94546.38,O01024,2025-07-28,239312.32,-144765.94
C0554,O00626,2025-11-15,173837.4,O00702,2025-09-02,94546.38,79291.01
C0554,O00834,2026-06-01,28900.99,O00626,2025-11-15,173837.4,-144936.41
C0554,O00206,2026-07-22,56127.34,O00834,2026-06-01,28900.99,27226.35
C0555,O00214,2025-03-29,230937.85,,,,230937.85
C0556,O00026,2026-05-16,8165.66,,,,8165.66
C0557,O00797,2025-04-07,182220.61,,,,182220.61
C0557,O00372,2025-08-06,94835.32,O00797,2025-04-07,182220.61,-87385.29
C0558,O00979,2026-02-18,92478.5,,,,92478.5
C0558,O00211,2026-05-16,162684.23,O00979,2026-02-18,92478.5,70205.73
C0559,O00355,2025-08-14,187218.97,,,,187218.97
C0559,O00711,2025-11-29,270070.23,O00355,2025-08-14,187218.97,82851.25
C0559,O00874,2026-01-19,380716.88,O00711,2025-11-29,270070.23,110646.65
C0559,O00651,2026-01-27,146315.76,O00874,2026-01-19,380716.88,-234401.12
C0560,O00575,2025-04-26,114700.09,,,,114700.09
C0560,O00153,2026-05-21,36385.98,O00575,2025-04-26,114700.09,-78314.11
C0562,O00279,2026-02-24,28786.64,,,,28786.64
C0562,O01132,2026-05-12,417110.01,O00279,2026-02-24,28786.64,388323.37
C0563,O00361,2026-08-04,105054.26,,,,105054.26
C0564,O00064,2025-07-24,213334.82,,,,213334.82
C0564,O00410,2026-02-15,49557.22,O00064,2025-07-24,213334.82,-163777.61
C0564,O00514,2026-03-30,264887.05,O00410,2026-02-15,49557.22,215329.83
C0565,O00802,2026-06-23,34978.59,,,,34978.59
C0566,O00018,2025-07-29,39037.6,,,,39037.6
C0566,O01104,2026-05-01,37694.77,O00018,2025-07-29,39037.6,-1342.83
C0567,O01113,2025-04-06,5500.92,,,,5500.92
C0567,O01127,2025-08-11,351530.94,O01113,2025-04-06,5500.92,346030.02
C0567,O00713,2026-03-02,283294.11,O01127,2025-08-11,351530.94,-68236.83
C0567,O00977,2026-06-17,95715.78,O00713,2026-03-02,283294.11,-187578.33
C0568,O00838,2025-04-23,344432.22,,,,344432.22
C0568,O00496,2025-10-09,145270.6,O00838,2025-04-23,344432.22,-199161.62
C0569,O00407,2026-05-10,287569.95,,,,287569.95
C0570,O00008,2025-06-29,217528.56,,,,217528.56
C0571,O00836,2026-04-16,153529.46,,,,153529.46
C0572,O01106,2025-08-03,228610.41,,,,228610.41
C0572,O00890,2025-08-18,107832.7,O01106,2025-08-03,228610.41,-120777.71
C0572,O00719,2025-11-05,125461.64,O00890,2025-08-18,107832.7,17628.94
C0573,O00494,2025-02-10,73057.62,,,,73057.62
C0573,O01068,2025-02-28,242709.56,O00494,2025-02-10,73057.62,169651.94
C0573,O00533,2025-05-14,147404.47,O01068,2025-02-28,242709.56,-95305.1
C0573,O01008,2025-11-13,224521.79,O00533,2025-05-14,147404.47,77117.32
C0574,O00601,2026-02-28,347956.48,,,,347956.48
C0575,O00911,2025-02-11,186324.42,,,,186324.42
C0576,O00091,2025-05-20,25041.99,,,,25041.99
C0576,O01167,2025-11-10,215532.7,O00091,2025-05-20,25041.99,190490.71
C0577,O00185,2025-12-27,46600.78,,,,46600.78
C0577,O00927,2026-04-02,74194.34,O00185,2025-12-27,46600.78,27593.56
C0578,O00213,2025-09-27,111648.4,,,,111648.4
C0580,O00376,2025-05-24,207398.93,,,,207398.93
C0581,O00039,2025-08-05,418927.2,,,,418927.2
C0582,O00630,2025-03-22,207037.56,,,,207037.56
C0582,O01109,2025-11-03,52632.97,O00630,2025-03-22,207037.56,-154404.59
C0582,O00846,2026-04-17,49826.56,O01109,2025-11-03,52632.97,-2806.42
C0583,O00732,2025-07-27,-36928.97,,,,-36928.97
C0583,O01121,2025-09-10,165752.03,O00732,2025-07-27,-36928.97,202681.0
C0583,O00604,2025-12-08,38085.01,O01121,2025-09-10,165752.03,-127667.02
C0583,O00130,2026-01-05,210751.38,O00604,2025-12-08,38085.01,172666.37
C0583,O01125,2026-01-29,462685.51,O00130,2026-01-05,210751.38,251934.13
C0583,O00934,2026-02-27,86109.43,O01125,2026-01-29,462685.51,-376576.08
C0583,O01147,2026-05-27,5502.39,O00934,2026-02-27,86109.43,-80607.04
C0584,O00510,2025-07-17,197543.46,,,,197543.46
C0584,O01009,2026-07-09,314540.84,O00510,2025-07-17,197543.46,116997.38
C0586,O00569,2025-11-17,265930.47,,,,265930.47
C0586,O01050,2026-02-06,80800.11,O00569,2025-11-17,265930.47,-185130.36
C0587,O00988,2025-08-28,380120.6,,,,380120.6
C0587,O00102,2025-11-28,298146.37,O00988,2025-08-28,380120.6,-81974.23
C0587,O00848,2026-01-22,147253.99,O00102,2025-11-28,298146.37,-150892.37
C0588,O00625,2025-05-25,78662.7,,,,78662.7
C0588,O00429,2026-05-03,117557.85,O00625,2025-05-25,78662.7,38895.15
C0589,O00423,2026-06-10,207767.63,,,,207767.63
C0590,O00005,2025-08-28,93212.1,,,,93212.1
C0590,O00535,2025-09-30,265159.55,O00005,2025-08-28,93212.1,171947.45
C0591,O00525,2025-11-04,247479.4,,,,247479.4
C0591,O00524,2026-05-15,81562.86,O00525,2025-11-04,247479.4,-165916.54
C0593,O01176,2025-05-31,303633.15,,,,303633.15
C0593,O00761,2026-06-17,125591.5,O01176,2025-05-31,303633.15,-178041.65
C0594,O00737,2025-09-10,64209.07,,,,64209.07
C0594,O01011,2025-10-09,225242.82,O00737,2025-09-10,64209.07,161033.74
C0595,O00072,2026-06-07,27345.94,,,,27345.94
C0596,O00987,2025-01-06,161906.89,,,,161906.89
C0596,O00827,2026-05-27,215850.72,O00987,2025-01-06,161906.89,53943.83
C0596,O00371,2026-06-04,290630.47,O00827,2026-05-27,215850.72,74779.75
C0598,O01090,2026-02-15,147835.69,,,,147835.69
C0598,O00914,2026-07-31,21177.63,O01090,2026-02-15,147835.69,-126658.06
C0599,O00022,2025-05-30,54834.53,,,,54834.53
C0599,O00162,2025-08-28,82329.96,O00022,2025-05-30,54834.53,27495.43
C0600,O01076,2025-10-25,182018.35,,,,182018.35
C0600,O00048,2026-07-21,156638.03,O01076,2025-10-25,182018.35,-25380.33
C0602,O00015,2025-02-10,29870.85,,,,29870.85
C0602,O01119,2025-06-12,88983.85,O00015,2025-02-10,29870.85,59113.0
C0602,O01084,2025-09-08,61231.35,O01119,2025-06-12,88983.85,-27752.5
C0603,O00099,2025-08-31,151003.71,,,,151003.71
C0603,O00847,2025-10-01,147745.5,O00099,2025-08-31,151003.71,-3258.21
C0603,O00073,2026-04-02,211681.72,O00847,2025-10-01,147745.5,63936.22
C0604,O00873,2026-03-27,215145.38,,,,215145.38
C0605,O00650,2025-02-01,247320.05,,,,247320.05
C0605,O00841,2025-10-19,219569.32,O00650,2025-02-01,247320.05,-27750.73
C0605,O00637,2025-11-06,182421.37,O00841,2025-10-19,219569.32,-37147.95
C0606,O00670,2025-04-25,173454.59,,,,173454.59
C0608,O00809,2025-02-03,10918.98,,,,10918.98
C0609,O00684,2025-01-25,324860.97,,,,324860.97
C0609,O00237,2025-02-01,159238.88,O00684,2025-01-25,324860.97,-165622.09
C0610,O00672,2025-02-03,25842.92,,,,25842.92
C0610,O00590,2025-06-15,96630.36,O00672,2025-02-03,25842.92,70787.45
C0610,O01062,2025-07-17,356396.89,O00590,2025-06-15,96630.36,259766.53
C0610,O00046,2025-12-15,195311.28,O01062,2025-07-17,356396.89,-161085.61
C0611,O00628,2025-03-30,198887.06,,,,198887.06
C0615,O00821,2025-04-29,248959.83,,,,248959.83
C0615,O00314,2025-05-12,309832.9,O00821,2025-04-29,248959.83,60873.07
C0615,O00248,2025-09-04,78846.77,O00314,2025-05-12,309832.9,-230986.13
C0617,O00385,2025-06-03,68698.24,,,,68698.24
C0617,O00527,2025-08-21,5204.32,O00385,2025-06-03,68698.24,-63493.92
C0617,O00941,2026-02-19,-49035.97,O00527,2025-08-21,5204.32,-54240.29
C0617,O00883,2026-06-03,59171.15,O00941,2026-02-19,-49035.97,108207.12
C0618,O01110,2025-06-07,89493.0,,,,89493.0
C0618,O00165,2025-06-11,188455.09,O01110,2025-06-07,89493.0,98962.09
C0619,O00383,2025-12-20,194795.91,,,,194795.91
C0620,O00685,2025-05-05,457745.53,,,,457745.53
C0620,O00778,2025-07-19,32530.98,O00685,2025-05-05,457745.53,-425214.55
C0621,O00449,2025-05-05,194405.15,,,,194405.15
C0621,O00505,2025-09-20,186287.92,O00449,2025-05-05,194405.15,-8117.23
C0621,O00876,2025-11-12,68440.12,O00505,2025-09-20,186287.92,-117847.8
C0622,O00353,2025-10-24,182171.87,,,,182171.87
C0622,O01199,2025-11-30,65987.76,O00353,2025-10-24,182171.87,-116184.11
C0623,O00126,2026-07-21,41662.0,,,,41662.0
C0624,O00138,2026-03-21,29663.41,,,,29663.41
C0624,O01149,2026-05-09,241154.38,O00138,2026-03-21,29663.41,211490.97
C0627,O00734,2025-08-14,240184.01,,,,240184.01
C0627,O00647,2025-12-19,43913.54,O00734,2025-08-14,240184.01,-196270.47
C0627,O00579,2026-01-29,35259.16,O00647,2025-12-19,43913.54,-8654.38
C0628,O00296,2025-06-02,150945.32,,,,150945.32
C0628,O00813,2025-12-27,276784.2,O00296,2025-06-02,150945.32,125838.88
C0628,O00747,2026-03-13,255907.68,O00813,2025-12-27,276784.2,-20876.52
C0628,O00573,2026-04-18,141664.91,O00747,2026-03-13,255907.68,-114242.77
C0629,O00192,2025-11-21,113773.63,,,,113773.63
C0629,O00375,2026-05-30,-44885.73,O00192,2025-11-21,113773.63,-158659.36
C0630,O00396,2025-04-09,131953.47,,,,131953.47
C0630,O00416,2026-06-07,117878.22,O00396,2025-04-09,131953.47,-14075.25
C0631,O00334,2025-02-22,325250.62,,,,325250.62
C0631,O00325,2026-01-03,301423.08,O00334,2025-02-22,325250.62,-23827.54
C0632,O00175,2025-06-02,285031.19,,,,285031.19
C0633,O00544,2025-03-03,152343.39,,,,152343.39
C0633,O01124,2026-03-02,5538.46,O00544,2025-03-03,152343.39,-146804.93
C0634,O00490,2025-06-11,243905.56,,,,243905.56
C0634,O00431,2025-08-23,54513.67,O00490,2025-06-11,243905.56,-189391.89
C0635,O00902,2025-02-16,196677.36,,,,196677.36
C0636,O00328,2025-01-14,102396.35,,,,102396.35
C0636,O00433,2025-02-13,196273.08,O00328,2025-01-14,102396.35,93876.74
C0636,O00539,2025-04-26,4473.76,O00433,2025-02-13,196273.08,-191799.32
C0637,O00957,2026-04-29,157975.97,,,,157975.97
C0638,O00919,2025-01-06,233948.88,,,,233948.88
C0638,O00152,2026-08-01,117326.98,O00919,2025-01-06,233948.88,-116621.9
C0639,O01073,2025-08-17,79489.39,,,,79489.39
C0639,O01059,2026-02-25,133949.5,O01073,2025-08-17,79489.39,54460.11
C0639,O00244,2026-04-23,58514.19,O01059,2026-02-25,133949.5,-75435.31
C0642,O00745,2025-07-09,106141.02,,,,106141.02
C0642,O00265,2025-07-15,123502.56,O00745,2025-07-09,106141.02,17361.54
C0642,O00461,2025-09-11,157120.49,O00265,2025-07-15,123502.56,33617.93
C0642,O01187,2025-09-23,88631.32,O00461,2025-09-11,157120.49,-68489.17
C0642,O01057,2026-03-29,170600.52,O01187,2025-09-23,88631.32,81969.19
C0642,O00721,2026-06-04,64687.37,O01057,2026-03-29,170600.52,-105913.15
C0643,O00758,2025-06-04,148990.57,,,,148990.57
C0644,O01126,2025-09-03,239584.77,,,,239584.77
C0645,O00595,2025-03-01,79171.26,,,,79171.26
C0646,O00028,2025-01-07,37672.87,,,,37672.87
C0648,O00714,2025-02-11,346670.13,,,,346670.13
C0648,O00731,2025-05-20,63988.58,O00714,2025-02-11,346670.13,-282681.55
C0648,O00598,2026-07-31,270259.94,O00731,2025-05-20,63988.58,206271.36
C0649,O00306,2025-01-03,223892.92,,,,223892.92
C0649,O00062,2026-02-12,144720.07,O00306,2025-01-03,223892.92,-79172.85
C0650,O00578,2025-04-04,5282.25,,,,5282.25
C0650,O00136,2026-07-04,107652.63,O00578,2025-04-04,5282.25,102370.38
