order_id,customer_id,order_date,status,region_code
O00001,C0033,2025-07-13 19:48:07,CANCELLED,WEST
O00002,C0104,2025-01-17 11:13:04,DELIVERED,WEST
O00003,C0412,2025-02-19 11:47:02,DELIVERED,CENTRAL
O00004,C0058,2025-08-11 20:55:49,PLACED,EAST
O00005,C0590,2025-08-28 21:58:46,SHIPPED,CENTRAL
O00006,C0147,2025-11-25 11:19:56,RETURNED,CENTRAL
O00007,C0063,2025-08-15 14:19:17,DELIVERED,CENTRAL
O00008,C0570,2025-06-29 18:43:27,DELIVERED,EAST
O00009,C0427,2026-01-26 20:33:20,DELIVERED,EAST
O00010,C0485,2026-01-21 10:48:34,SHIPPED,SOUTH
O00011,C0475,2025-11-04 21:45:09,RETURNED,CENTRAL
O00012,C0138,2026-02-27 14:35:33,DELIVERED,EAST
O00013,C0461,2025-07-28 13:41:05,CANCELLED,NORTH
O00014,C0053,2026-07-03 19:53:12,SHIPPED,CENTRAL
O00015,C0602,2025-02-10 21:04:12,DELIVERED,CENTRAL
O00016,C0341,2025-08-11 15:13:55,SHIPPED,NORTH
O00017,C0491,2025-08-05 11:47:07,RETURNED,CENTRAL
O00018,C0566,2025-07-29 14:58:15,SHIPPED,EAST
O00019,C0368,2026-01-25 15:34:41,SHIPPED,EAST
O00020,,2026-06-10 15:29:06,CANCELLED,WEST
O00021,C0424,2025-11-24 11:23:20,PLACED,SOUTH
O00022,C0599,2025-05-30 08:16:35,DELIVERED,WEST
O00023,C0236,2025-10-30 10:12:21,DELIVERED,SOUTH
O00024,C0346,2026-05-27 16:41:43,SHIPPED,WEST
O00025,C0361,2026-05-18 15:10:46,PLACED,CENTRAL
O00026,C0556,2026-05-16 10:58:56,RETURNED,NORTH
O00027,C0077,2026-06-21 08:53:54,RETURNED,NORTH
O00028,C0646,2025-01-07 14:08:53,SHIPPED,SOUTH
O00029,C0383,2025-01-10 11:32:29,PLACED,CENTRAL
O00030,C0007,2026-05-10 18:31:01,DELIVERED,WEST
O00031,C0282,2025-01-13 08:33:46,DELIVERED,EAST
O00032,C0441,2025-01-18 16:52:44,CANCELLED,SOUTH
O00033,C0247,2025-04-20 09:33:09,SHIPPED,CENTRAL
O00034,C0407,2025-09-16 21:22:17,PLACED,WEST
O00035,C0232,2026-04-16 17:15:44,SHIPPED,NORTH
O00036,C0387,2025-02-02 09:25:24,DELIVERED,NORTH
O00037,C0512,10-01-2025 19:10:05,CANCELLED,EAST
O00038,C0541,2026-08-03 21:06:57,RETURNED,SOUTH
O00039,C0581,2025-08-05 21:44:56,DELIVERED,NORTH
O00040,,2025-03-18 18:59:17,RETURNED,CENTRAL
O00041,C0323,2025-02-03 10:59:54,PLACED,SOUTH
O00042,C0408,2025-05-28 20:52:45,RETURNED,EAST
O00043,C0399,2025-06-16 17:15:36,DELIVERED,CENTRAL
O00044,C0144,2025-12-06 14:48:47,CANCELLED,NORTH
O00045,C0101,2026-05-28 19:22:03,DELIVERED,NORTH
O00046,C0610,2025-12-15 17:49:39,DELIVERED,EAST
O00047,C0462,2025-01-31 18:17:50,DELIVERED,EAST
O00048,C0600,2026-07-21 14:27:11,DELIVERED,NORTH
O00049,C0076,2025-10-30 20:15:45,PLACED,SOUTH
O00050,C0158,2026-01-25 19:50:40,DELIVERED,EAST
O00051,C0316,2026-01-05 09:05:00,DELIVERED,EAST
O00052,C0442,2025-04-15 10:05:11,DELIVERED,CENTRAL
O00053,C0092,2026-06-09 14:06:01,DELIVERED,NORTH
O00054,C0299,2025-11-29 21:24:00,DELIVERED,NORTH
O00055,C0174,2026-07-27 11:36:33,DELIVERED,SOUTH
O00056,C0505,2025-05-23 12:19:17,PLACED,SOUTH
O00057,C0496,2026-03-22 12:26:19,CANCELLED,EAST
O00058,C0508,2025-09-15 11:46:40,DELIVERED,SOUTH
O00059,C0007,2026-04-14 09:08:19,RETURNED,EAST
O00060,,2026-01-25 20:55:21,DELIVERED,WEST
O00061,C0206,2025-05-20 12:20:38,DELIVERED,SOUTH
O00062,C0649,2026-02-12 13:18:47,DELIVERED,CENTRAL
O00063,C0403,2025-09-06 13:24:17,DELIVERED,CENTRAL
O00064,C0564,2025-07-24 17:34:11,PLACED,WEST
O00065,C0071,2025-08-03 15:51:18,CANCELLED,WEST
O00066,C0248,2026-05-27 10:40:19,SHIPPED,SOUTH
O00067,C0460,2026-03-10 20:24:04,RETURNED,WEST
O00068,C0429,2026-02-15 16:32:59,DELIVERED,EAST
O00069,C0088,2026-07-04 17:40:58,PLACED,SOUTH
O00070,C0046,2025-12-30 10:41:39,DELIVERED,WEST
O00071,C0011,2025-12-06 20:27:06,PLACED,SOUTH
O00072,C0595,2026-06-07 19:33:35,DELIVERED,SOUTH
O00073,C0603,2026-04-02 13:25:29,DELIVERED,SOUTH
O00074,C0303,20-12-2025 08:30:06,DELIVERED,NORTH
O00075,C0357,2025-04-29 21:46:09,SHIPPED,WEST
O00076,C0488,2025-07-31 16:30:22,PLACED,WEST
O00077,C0118,2025-11-23 09:19:02,PLACED,EAST
O00078,C0250,2025-04-22 18:51:10,DELIVERED,CENTRAL
O00079,C0474,2025-06-13 13:35:27,SHIPPED,WEST
O00080,,2025-07-08 10:40:42,DELIVERED,NORTH
O00081,C0399,2025-07-22 15:37:27,PLACED,SOUTH
O00082,C0065,2025-07-30 12:48:45,DELIVERED,CENTRAL
O00083,C0469,2025-07-11 13:20:12,PLACED,WEST
O00084,C0398,2026-06-25 18:20:38,DELIVERED,CENTRAL
O00085,C0469,2025-04-27 13:22:54,DELIVERED,EAST
O00086,C0121,2025-03-28 18:08:20,SHIPPED,NORTH
O00087,C0524,2025-07-07 13:44:09,DELIVERED,CENTRAL
O00088,C0191,2025-05-22 17:24:27,DELIVERED,CENTRAL
O00089,C0296,2025-06-27 16:10:31,PLACED,EAST
O00090,C0368,2026-04-07 17:03:55,RETURNED,WEST
O00091,C0576,2025-05-20 11:52:24,DELIVERED,WEST
O00092,C0455,2026-02-23 18:31:26,DELIVERED,NORTH
O00093,C0226,2026-08-02 08:50:48,SHIPPED,EAST
O00094,C0469,2025-08-19 16:18:10,DELIVERED,WEST
O00095,C0117,2026-07-17 16:07:36,SHIPPED,CENTRAL
O00096,C0043,2026-01-11 16:52:48,DELIVERED,WEST
O00097,C0254,2026-07-14 11:27:06,SHIPPED,NORTH
O00098,C0090,2026-04-06 12:22:55,DELIVERED,NORTH
O00099,C0603,2025-08-31 11:51:47,DELIVERED,CENTRAL
O00100,,2026-03-15 10:39:08,CANCELLED,SOUTH
O00101,C0288,2025-03-02 17:22:34,DELIVERED,SOUTH
O00102,C0587,2025-11-28 19:18:18,SHIPPED,CENTRAL
O00103,C0422,2025-04-08 10:48:50,RETURNED,EAST
O00104,C0256,2025-05-10 19:55:08,PLACED,EAST
O00105,C0403,2025-09-11 20:53:43,DELIVERED,CENTRAL
O00106,C0463,2025-10-03 18:26:24,PLACED,NORTH
O00107,C0378,2026-02-17 16:47:17,DELIVERED,WEST
O00108,C0096,2025-12-02 17:00:55,DELIVERED,WEST
O00109,C0548,2026-01-02 21:04:50,DELIVERED,WEST
O00110,C0291,2025-08-05 15:17:20,SHIPPED,CENTRAL
O00111,C0352,14-05-2025 17:54:31,RETURNED,NORTH
O00112,C0471,2025-02-17 09:40:50,PLACED,SOUTH
O00113,C0208,2026-03-28 15:00:27,RETURNED,SOUTH
O00114,C0281,2025-11-06 10:55:59,PLACED,EAST
O00115,C0170,2025-09-14 09:23:42,PLACED,EAST
O00116,C0098,2025-08-28 14:41:05,PLACED,WEST
O00117,C0532,2025-03-21 10:37:14,DELIVERED,NORTH
O00118,C0124,2025-01-09 19:21:52,RETURNED,WEST
O00119,C0393,2025-05-16 15:04:14,PLACED,NORTH
O00120,,2025-04-16 13:23:56,SHIPPED,WEST
O00121,C0071,2025-05-17 18:43:09,DELIVERED,NORTH
O00122,C0219,2025-06-18 15:22:46,DELIVERED,SOUTH
O00123,C0223,2026-02-26 17:43:28,PLACED,NORTH
O00124,C0394,2025-05-24 20:07:37,DELIVERED,WEST
O00125,C0284,2025-11-19 20:08:15,DELIVERED,SOUTH
O00126,C0623,2026-07-21 17:38:46,SHIPPED,NORTH
O00127,C0522,2025-11-05 11:33:38,SHIPPED,WEST
O00128,C0246,2025-10-30 18:03:50,DELIVERED,NORTH
O00129,C0073,2025-09-04 15:40:38,DELIVERED,NORTH
O00130,C0583,2026-01-05 13:08:24,DELIVERED,CENTRAL
O00131,C0075,2025-06-26 20:30:49,PLACED,NORTH
O00132,C0062,2025-01-15 12:13:02,RETURNED,WEST
O00133,C0514,2026-06-03 12:40:45,DELIVERED,WEST
O00134,C0551,2026-02-16 09:40:34,DELIVERED,EAST
O00135,C0209,2025-03-27 12:05:32,RETURNED,SOUTH
O00136,C0650,2026-07-04 13:25:37,DELIVERED,NORTH
O00137,C0245,2025-11-14 19:27:46,PLACED,NORTH
O00138,C0624,2026-03-21 09:29:39,PLACED,SOUTH
O00139,C0012,2025-05-03 08:45:08,PLACED,EAST
O00140,,2026-06-20 16:50:52,DELIVERED,SOUTH
O00141,C0276,2026-01-16 10:47:49,DELIVERED,NORTH
O00142,C0279,2025-01-31 13:51:27,DELIVERED,EAST
O00143,C0369,2025-03-20 15:29:32,PLACED,CENTRAL
O00144,C0106,2025-06-20 13:10:16,RETURNED,NORTH
O00145,C0046,2025-08-22 19:32:00,CANCELLED,NORTH
O00146,C0393,2025-09-08 08:30:23,RETURNED,SOUTH
O00147,C0430,2025-02-06 16:51:58,SHIPPED,SOUTH
O00148,C0080,03-03-2026 19:20:17,DELIVERED,NORTH
O00149,C0184,2026-05-30 18:57:03,SHIPPED,CENTRAL
O00150,C0477,2025-02-17 14:04:56,RETURNED,EAST
O00151,C0009,2025-12-02 09:35:29,DELIVERED,EAST
O00152,C0638,2026-08-01 20:19:47,SHIPPED,EAST
O00153,C0560,2026-05-21 20:49:12,DELIVERED,SOUTH
O00154,C0025,2025-06-04 08:59:26,SHIPPED,EAST
O00155,C0386,2025-01-10 13:00:48,CANCELLED,EAST
O00156,C0430,2025-04-17 11:33:15,DELIVERED,NORTH
O00157,C0045,2025-05-26 19:17:05,RETURNED,CENTRAL
O00158,C0470,2026-02-27 19:57:23,RETURNED,NORTH
O00159,C0404,2025-04-08 16:08:40,PLACED,CENTRAL
O00160,,2025-03-05 14:42:08,SHIPPED,EAST
O00161,C0335,2025-11-19 20:25:44,SHIPPED,EAST
O00162,C0599,2025-08-28 09:12:08,PLACED,NORTH
O00163,C0417,2025-06-18 15:29:20,PLACED,EAST
O00164,C0272,2025-08-01 15:19:29,CANCELLED,NORTH
O00165,C0618,2025-06-11 20:43:19,PLACED,EAST
O00166,C0365,2025-06-01 09:45:15,DELIVERED,NORTH
O00167,C0032,2025-11-03 12:52:11,RETURNED,WEST
O00168,C0097,2026-07-24 19:35:15,DELIVERED,SOUTH
O00169,C0228,2025-05-05 08:03:53,PLACED,WEST
O00170,C0087,2026-01-17 18:40:41,DELIVERED,EAST
O00171,C0455,2025-03-18 08:04:12,CANCELLED,NORTH
O00172,C0052,2025-12-06 09:02:29,PLACED,CENTRAL
O00173,C0509,2026-03-20 21:46:25,PLACED,WEST
O00174,C0192,2025-06-26 13:13:58,SHIPPED,WEST
O00175,C0632,2025-06-02 08:39:39,SHIPPED,EAST
O00176,C0491,2026-05-26 14:56:35,PLACED,EAST
O00177,C0539,2026-01-28 10:26:12,SHIPPED,CENTRAL
O00178,C0368,2025-01-20 14:50:45,DELIVERED,WEST
O00179,C0398,2025-12-19 17:32:20,SHIPPED,NORTH
O00180,,2025-11-23 17:14:01,RETURNED,EAST
O00181,C0367,2025-03-01 20:30:33,DELIVERED,SOUTH
O00182,C0247,2025-06-13 09:15:42,SHIPPED,NORTH
O00183,C0398,2025-08-13 17:54:51,DELIVERED,SOUTH
O00184,C0368,2025-06-30 11:37:20,RETURNED,NORTH
O00185,C0577,27-12-2025 17:36:09,RETURNED,WEST
O00186,C0039,2026-07-10 12:11:31,PLACED,SOUTH
O00187,C0001,2025-08-13 08:33:30,SHIPPED,CENTRAL
O00188,C0182,2025-07-26 20:08:21,RETURNED,EAST
O00189,C0146,2025-03-02 08:09:37,DELIVERED,CENTRAL
O00190,C0406,2026-01-09 09:23:45,DELIVERED,EAST
O00191,C0448,2025-11-06 13:08:10,CANCELLED,WEST
O00192,C0629,2025-11-21 10:45:35,CANCELLED,SOUTH
O00193,C0302,2025-06-29 14:19:46,PLACED,NORTH
O00194,C0034,2026-02-05 21:49:36,SHIPPED,EAST
O00195,C0509,2025-08-15 18:36:06,PLACED,NORTH
O00196,C0091,2025-09-01 13:20:10,CANCELLED,EAST
O00197,C0256,2026-04-03 08:16:13,DELIVERED,EAST
O00198,C0002,2025-09-20 20:06:46,PLACED,WEST
O00199,C0505,2026-03-06 10:56:26,RETURNED,EAST
O00200,,2026-07-14 14:06:53,DELIVERED,CENTRAL
O00201,C0035,2025-08-19 10:28:04,SHIPPED,EAST
O00202,C0175,2025-09-25 09:04:21,RETURNED,SOUTH
O00203,C0347,2025-03-18 16:57:05,DELIVERED,CENTRAL
O00204,C0169,2026-05-10 19:01:27,DELIVERED,WEST
O00205,C0211,2025-06-10 08:06:21,RETURNED,WEST
O00206,C0554,2026-07-22 19:59:46,SHIPPED,EAST
O00207,C0403,2025-11-01 11:06:03,DELIVERED,WEST
O00208,C0438,2025-06-07 08:23:00,PLACED,CENTRAL
O00209,C0212,2026-05-07 11:06:01,PLACED,EAST
O00210,C0316,2025-03-25 15:54:07,CANCELLED,WEST
O00211,C0558,2026-05-16 18:16:05,DELIVERED,EAST
O00212,C0046,2026-01-26 13:11:28,SHIPPED,WEST
O00213,C0578,2025-09-27 11:53:17,PLACED,NORTH
O00214,C0555,2025-03-29 18:22:51,DELIVERED,CENTRAL
O00215,C0397,2025-08-21 16:03:53,CANCELLED,WEST
O00216,C0487,2026-07-03 18:55:59,DELIVERED,SOUTH
O00217,C0036,2026-05-03 12:05:25,DELIVERED,CENTRAL
O00218,C0178,2025-05-31 09:48:28,RETURNED,SOUTH
O00219,C0044,2025-08-05 20:12:08,DELIVERED,WEST
O00220,,2025-07-26 21:40:09,CANCELLED,EAST
O00221,C0069,2025-11-24 19:58:51,PLACED,CENTRAL
O00222,C0283,11-02-2026 16:20:54,DELIVERED,NORTH
O00223,C0425,2026-06-20 20:26:07,PLACED,CENTRAL
O00224,C0104,2025-04-13 09:36:49,CANCELLED,CENTRAL
O00225,C0498,2025-12-19 14:16:24,DELIVERED,WEST
O00226,C0148,2025-02-08 10:17:25,DELIVERED,WEST
O00227,C0340,2025-02-09 14:56:56,DELIVERED,NORTH
O00228,C0021,2026-05-02 12:57:23,SHIPPED,EAST
O00229,C0101,2025-11-15 12:53:31,RETURNED,SOUTH
O00230,C0329,2025-05-18 12:47:28,SHIPPED,WEST
O00231,C0417,2025-04-02 11:28:13,DELIVERED,CENTRAL
O00232,C0163,2026-01-18 21:03:32,PLACED,CENTRAL
O00233,C0537,2026-02-18 10:49:54,RETURNED,NORTH
O00234,C0206,2025-06-27 11:56:53,CANCELLED,SOUTH
O00235,C0370,2025-02-03 15:03:58,DELIVERED,EAST
O00236,C0407,2026-01-13 21:29:32,DELIVERED,NORTH
O00237,C0609,2025-02-01 11:23:31,DELIVERED,WEST
O00238,C0265,2026-07-19 13:22:10,DELIVERED,NORTH
O00239,C0167,2025-10-19 08:24:03,CANCELLED,SOUTH
O00240,,2025-08-15 18:14:43,SHIPPED,WEST
O00241,C0010,2026-06-10 08:55:49,DELIVERED,SOUTH
O00242,C0230,2025-06-27 17:51:00,SHIPPED,EAST
O00243,C0358,2025-10-09 14:57:24,DELIVERED,SOUTH
O00244,C0639,2026-04-23 12:43:33,DELIVERED,NORTH
O00245,C0384,2025-01-08 16:42:53,DELIVERED,CENTRAL
O00246,C0494,2025-10-17 12:43:06,PLACED,EAST
O00247,C0306,2025-11-29 21:17:16,SHIPPED,CENTRAL
O00248,C0615,2025-09-04 08:51:54,DELIVERED,EAST
O00249,C0510,2025-05-24 19:01:41,RETURNED,EAST
O00250,C0037,2026-03-05 14:24:47,DELIVERED,CENTRAL
O00251,C0228,2025-07-14 13:46:45,DELIVERED,WEST
O00252,C0175,2026-01-03 16:19:54,CANCELLED,CENTRAL
O00253,C0132,2025-07-05 12:06:30,DELIVERED,CENTRAL
O00254,C0092,2025-07-07 18:57:21,SHIPPED,SOUTH
O00255,C0340,2025-11-11 14:50:56,DELIVERED,CENTRAL
O00256,C0482,2025-10-29 15:54:07,PLACED,CENTRAL
O00257,C0513,2025-03-14 15:56:12,PLACED,WEST
O00258,C0155,2026-06-27 12:26:03,PLACED,SOUTH
O00259,C0469,17-12-2025 14:36:57,PLACED,SOUTH
O00260,,2025-03-24 15:21:40,RETURNED,EAST
O00261,C0215,2025-03-01 08:28:17,DELIVERED,SOUTH
O00262,C0091,2025-06-12 15:50:48,PLACED,WEST
O00263,C0393,2026-03-16 14:27:30,PLACED,CENTRAL
O00264,C0330,2025-07-24 19:23:00,DELIVERED,CENTRAL
O00265,C0642,2025-07-15 08:43:00,DELIVERED,SOUTH
O00266,C0393,2025-12-19 12:08:06,DELIVERED,EAST
O00267,C0306,2025-06-21 09:52:02,RETURNED,WEST
O00268,C0445,2026-06-17 17:33:21,RETURNED,SOUTH
O00269,C0193,2025-12-17 15:22:48,PLACED,WEST
O00270,C0135,2025-01-20 11:14:46,SHIPPED,NORTH
O00271,C0039,2026-06-01 10:07:23,DELIVERED,EAST
O00272,C0050,2026-07-02 17:03:38,DELIVERED,NORTH
O00273,C0455,2025-02-19 19:07:26,DELIVERED,CENTRAL
O00274,C0211,2025-09-16 15:44:09,DELIVERED,NORTH
O00275,C0533,2025-11-05 14:42:06,SHIPPED,CENTRAL
O00276,C0108,2025-05-21 14:53:57,DELIVERED,CENTRAL
O00277,C0109,2025-05-01 12:07:50,DELIVERED,CENTRAL
O00278,C0536,2025-07-24 20:16:53,RETURNED,EAST
O00279,C0562,2026-02-24 12:10:02,DELIVERED,SOUTH
O00280,,2026-05-08 13:15:00,PLACED,NORTH
O00281,C0506,2025-04-24 21:36:42,PLACED,NORTH
O00282,C0104,2026-06-08 09:46:46,RETURNED,SOUTH
O00283,C0052,2026-04-13 12:16:29,PLACED,SOUTH
O00284,C0321,2025-02-10 21:18:23,DELIVERED,NORTH
O00285,C0047,2025-04-08 21:48:56,PLACED,SOUTH
O00286,C0449,2025-06-24 13:22:57,RETURNED,EAST
O00287,C0188,2025-04-06 13:52:21,PLACED,WEST
O00288,C0490,2026-04-13 12:53:24,CANCELLED,SOUTH
O00289,C0061,2025-04-26 10:44:46,RETURNED,SOUTH
O00290,C0495,2025-04-17 14:58:37,CANCELLED,WEST
O00291,C0368,2025-07-05 17:24:49,DELIVERED,SOUTH
O00292,C0422,2026-05-10 15:07:56,DELIVERED,NORTH
O00293,C0538,2025-09-25 18:20:00,DELIVERED,CENTRAL
O00294,C0347,2026-08-02 11:42:55,DELIVERED,CENTRAL
O00295,C0255,2025-04-08 14:42:46,DELIVERED,WEST
O00296,C0628,02-06-2025 21:52:35,PLACED,SOUTH
O00297,C0508,2026-06-02 21:30:54,RETURNED,NORTH
O00298,C0285,2026-05-19 13:15:21,PLACED,SOUTH
O00299,C0241,2026-07-18 18:24:25,PLACED,WEST
O00300,,2026-04-04 09:54:31,DELIVERED,NORTH
O00301,C0106,2026-05-25 19:41:01,DELIVERED,NORTH
O00302,C0094,2026-07-25 16:00:52,CANCELLED,CENTRAL
O00303,C0468,2025-11-08 16:35:13,RETURNED,EAST
O00304,C0466,2025-02-25 21:14:54,SHIPPED,CENTRAL
O00305,C0464,2026-04-30 19:42:23,PLACED,SOUTH
O00306,C0649,2025-01-03 13:22:53,RETURNED,EAST
O00307,C0109,2026-07-15 16:23:44,PLACED,SOUTH
O00308,C0420,2026-05-20 10:52:45,PLACED,CENTRAL
O00309,C0403,2025-07-20 11:07:59,SHIPPED,SOUTH
O00310,C0048,2025-12-13 09:48:26,RETURNED,CENTRAL
O00311,C0469,2025-05-07 20:57:28,DELIVERED,CENTRAL
O00312,C0050,2025-05-18 15:00:33,DELIVERED,WEST
O00313,C0182,2026-05-10 16:49:58,DELIVERED,SOUTH
O00314,C0615,2025-05-12 09:24:42,DELIVERED,EAST
O00315,C0255,2026-06-01 14:26:38,SHIPPED,EAST
O00316,C0142,2025-10-29 15:51:08,DELIVERED,CENTRAL
O00317,C0322,2025-11-03 21:44:35,DELIVERED,CENTRAL
O00318,C0298,2025-08-11 11:13:39,DELIVERED,SOUTH
O00319,C0331,2025-07-02 16:34:44,DELIVERED,EAST
O00320,,2026-07-30 15:37:36,RETURNED,WEST
O00321,C0433,2026-07-01 12:56:54,CANCELLED,CENTRAL
O00322,C0055,2025-04-20 08:24:09,DELIVERED,SOUTH
O00323,C0294,2025-10-01 20:50:10,DELIVERED,SOUTH
O00324,C0209,2025-03-05 19:50:18,DELIVERED,NORTH
O00325,C0631,2026-01-03 21:28:06,RETURNED,CENTRAL
O00326,C0399,2025-08-18 19:41:35,SHIPPED,EAST
O00327,C0321,2025-02-18 14:24:26,RETURNED,NORTH
O00328,C0636,2025-01-14 19:16:12,RETURNED,WEST
O00329,C0377,2025-08-19 18:45:45,DELIVERED,CENTRAL
O00330,C0302,2025-07-21 20:46:12,DELIVERED,NORTH
O00331,C0123,2025-07-11 10:47:32,DELIVERED,WEST
O00332,C0165,2025-10-13 16:16:08,DELIVERED,EAST
O00333,C0159,06-01-2025 13:29:45,PLACED,EAST
O00334,C0631,2025-02-22 20:59:40,CANCELLED,EAST
O00335,C0367,2026-05-18 20:36:35,PLACED,EAST
O00336,C0070,2026-06-23 11:11:33,CANCELLED,SOUTH
O00337,C0095,2026-03-02 16:34:25,SHIPPED,SOUTH
O00338,C0224,2025-12-06 13:23:18,RETURNED,CENTRAL
O00339,C0010,2026-06-28 15:35:52,PLACED,EAST
O00340,,2026-04-02 11:57:41,DELIVERED,CENTRAL
O00341,C0329,2025-09-07 08:43:56,DELIVERED,NORTH
O00342,C0290,2026-01-31 12:34:46,PLACED,CENTRAL
O00343,C0457,2026-01-19 16:51:32,DELIVERED,EAST
O00344,C0099,2025-07-17 13:32:05,PLACED,CENTRAL
O00345,C0216,2026-07-01 08:40:04,DELIVERED,SOUTH
O00346,C0551,2026-03-11 21:06:13,CANCELLED,WEST
O00347,C0025,2025-03-15 19:43:09,DELIVERED,EAST
O00348,C0183,2025-02-08 09:04:03,CANCELLED,CENTRAL
O00349,C0265,2025-03-14 17:52:14,DELIVERED,WEST
O00350,C0399,2026-02-19 14:20:01,DELIVERED,CENTRAL
O00351,C0065,2025-01-07 18:46:39,DELIVERED,CENTRAL
O00352,C0367,2025-02-16 19:54:04,RETURNED,NORTH
O00353,C0622,2025-10-24 20:43:19,PLACED,WEST
O00354,C0032,2026-01-26 14:52:42,DELIVERED,CENTRAL
O00355,C0559,2025-08-14 10:47:25,SHIPPED,SOUTH
O00356,C0383,2025-11-02 18:56:58,RETURNED,NORTH
O00357,C0127,2026-07-21 21:35:09,PLACED,CENTRAL
O00358,C0313,2026-02-08 16:35:05,SHIPPED,EAST
O00359,C0525,2025-08-05 14:57:41,PLACED,SOUTH
O00360,,2025-08-15 17:53:16,SHIPPED,SOUTH
O00361,C0563,2026-08-04 21:03:54,DELIVERED,CENTRAL
O00362,C0257,2025-03-16 12:42:04,PLACED,CENTRAL
O00363,C0241,2026-05-14 13:22:08,PLACED,CENTRAL
O00364,C0462,2025-03-13 11:20:31,SHIPPED,EAST
O00365,C0324,2025-06-06 17:36:23,RETURNED,SOUTH
O00366,C0227,2025-01-05 13:15:50,DELIVERED,WEST
O00367,C0340,2025-10-11 21:23:08,RETURNED,WEST
O00368,C0499,2026-04-02 13:49:19,DELIVERED,SOUTH
O00369,C0144,2025-03-25 21:17:54,RETURNED,SOUTH
O00370,C0079,27-09-2025 19:56:40,DELIVERED,NORTH
O00371,C0596,2026-06-04 18:01:52,DELIVERED,CENTRAL
O00372,C0557,2025-08-06 08:35:16,RETURNED,CENTRAL
O00373,C0375,2026-04-29 18:49:09,DELIVERED,CENTRAL
O00374,C0523,2025-10-25 10:29:32,PLACED,EAST
O00375,C0629,2026-05-30 08:42:15,DELIVERED,CENTRAL
O00376,C0580,2025-05-24 15:10:11,RETURNED,SOUTH
O00377,C0500,2026-05-11 13:02:14,SHIPPED,EAST
O00378,C0212,2026-01-14 11:02:42,DELIVERED,EAST
O00379,C0048,2026-02-02 15:58:29,PLACED,EAST
O00380,,2025-04-16 19:33:40,CANCELLED,EAST
O00381,C0388,2026-07-12 17:11:24,DELIVERED,NORTH
O00382,C0229,2026-06-14 12:24:58,DELIVERED,EAST
O00383,C0619,2025-12-20 15:50:30,PLACED,SOUTH
O00384,C0527,2026-03-27 10:14:04,DELIVERED,SOUTH
O00385,C0617,2025-06-03 10:10:23,DELIVERED,NORTH
O00386,C0117,2025-08-24 14:51:21,DELIVERED,WEST
O00387,C0421,2026-05-06 11:37:10,PLACED,NORTH
O00388,C0138,2025-05-11 17:37:10,DELIVERED,NORTH
O00389,C0185,2025-05-31 08:10:16,DELIVERED,WEST
O00390,C0291,2026-08-01 18:01:56,RETURNED,SOUTH
O00391,C0494,2026-04-05 17:30:55,PLACED,WEST
O00392,C0187,2025-05-27 20:37:52,DELIVERED,CENTRAL
O00393,C0351,2025-09-28 10:46:43,RETURNED,CENTRAL
O00394,C0136,2025-03-12 11:24:24,PLACED,SOUTH
O00395,C0430,2026-06-20 21:58:32,CANCELLED,CENTRAL
O00396,C0630,2025-04-09 10:30:57,DELIVERED,CENTRAL
O00397,C0494,2026-05-31 20:07:05,DELIVERED,CENTRAL
O00398,C0442,2026-07-07 21:00:57,DELIVERED,EAST
O00399,C0235,2025-02-14 19:33:27,RETURNED,WEST
O00400,,2026-01-26 13:37:51,DELIVERED,CENTRAL
O00401,C0489,2025-04-11 14:08:16,DELIVERED,NORTH
O00402,C0419,2025-10-18 17:56:34,SHIPPED,NORTH
O00403,C0533,2025-01-08 17:33:07,PLACED,SOUTH
O00404,C0159,2025-11-20 14:23:06,DELIVERED,CENTRAL
O00405,C0434,2025-09-17 12:54:34,DELIVERED,CENTRAL
O00406,C0209,2025-10-10 18:25:48,DELIVERED,CENTRAL
O00407,C0569,10-05-2026 10:23:35,DELIVERED,EAST
O00408,C0142,2025-12-19 20:45:25,CANCELLED,NORTH
O00409,C0166,2025-08-24 15:50:44,PLACED,CENTRAL
O00410,C0564,2026-02-15 20:21:51,DELIVERED,NORTH
O00411,C0094,2025-06-14 14:40:00,CANCELLED,WEST
O00412,C0228,2026-03-22 09:04:16,DELIVERED,CENTRAL
O00413,C0411,2025-02-08 19:24:59,DELIVERED,CENTRAL
O00414,C0180,2025-10-21 19:38:03,DELIVERED,WEST
O00415,C0531,2025-01-11 11:54:42,SHIPPED,NORTH
O00416,C0630,2026-06-07 16:44:14,PLACED,NORTH
O00417,C0162,2026-01-04 11:41:00,PLACED,EAST
O00418,C0416,2026-02-14 13:42:25,DELIVERED,CENTRAL
O00419,C0093,2025-01-16 19:45:04,DELIVERED,CENTRAL
O00420,,2025-12-23 13:52:17,SHIPPED,SOUTH
O00421,C0268,2026-04-11 14:36:00,PLACED,CENTRAL
O00422,C0302,2025-04-20 16:04:32,SHIPPED,NORTH
O00423,C0589,2026-06-10 12:56:34,SHIPPED,WEST
O00424,C0250,2026-01-22 17:30:49,DELIVERED,WEST
O00425,C0494,2026-04-17 17:55:01,PLACED,NORTH
O00426,C0236,2026-01-27 18:50:14,CANCELLED,WEST
O00427,C0270,2025-12-28 16:34:00,SHIPPED,NORTH
O00428,C0351,2026-02-13 18:47:52,PLACED,SOUTH
O00429,C0588,2026-05-03 13:22:13,SHIPPED,SOUTH
O00430,C0248,2026-05-26 19:12:15,RETURNED,SOUTH
O00431,C0634,2025-08-23 11:53:15,DELIVERED,NORTH
O00432,C0505,2025-05-03 09:43:42,DELIVERED,CENTRAL
O00433,C0636,2025-02-13 21:30:23,SHIPPED,CENTRAL
O00434,C0524,2025-10-09 15:11:48,SHIPPED,SOUTH
O00435,C0434,2025-05-12 08:33:51,DELIVERED,CENTRAL
O00436,C0179,2025-02-03 16:22:25,DELIVERED,NORTH
O00437,C0009,2026-06-15 15:20:44,PLACED,SOUTH
O00438,C0371,2026-01-24 17:06:20,DELIVERED,EAST
O00439,C0276,2025-07-11 16:16:15,DELIVERED,CENTRAL
O00440,,2025-12-18 13:11:31,DELIVERED,WEST
O00441,C0287,2026-01-17 13:54:25,DELIVERED,CENTRAL
O00442,C0103,2025-05-15 17:43:14,DELIVERED,SOUTH
O00443,C0201,2026-07-23 14:54:24,PLACED,SOUTH
O00444,C0432,30-04-2026 20:00:11,DELIVERED,CENTRAL
O00445,C0499,2026-07-01 19:20:50,SHIPPED,CENTRAL
O00446,C0168,2026-08-05 08:25:06,PLACED,EAST
O00447,C0461,2026-05-03 21:40:06,DELIVERED,EAST
O00448,C0264,2026-01-05 13:35:35,SHIPPED,WEST
O00449,C0621,2025-05-05 13:55:43,SHIPPED,CENTRAL
O00450,C0364,2026-07-06 10:49:18,SHIPPED,CENTRAL
O00451,C0081,2026-05-15 20:47:28,DELIVERED,EAST
O00452,C0172,2026-04-20 18:09:55,DELIVERED,EAST
O00453,C0415,2026-03-08 18:39:36,CANCELLED,NORTH
O00454,C0322,2025-03-23 10:21:14,SHIPPED,EAST
O00455,C0278,2025-10-01 17:41:25,RETURNED,EAST
O00456,C0189,2026-06-18 15:26:10,CANCELLED,SOUTH
O00457,C0082,2025-08-29 18:16:47,SHIPPED,WEST
O00458,C0485,2025-04-16 09:04:59,DELIVERED,NORTH
O00459,C0107,2026-02-11 16:48:05,SHIPPED,SOUTH
O00460,,2025-03-28 18:59:56,DELIVERED,SOUTH
O00461,C0642,2025-09-11 19:18:28,PLACED,CENTRAL
O00462,C0366,2025-06-24 08:02:42,RETURNED,EAST
O00463,C0279,2026-05-03 15:55:34,DELIVERED,SOUTH
O00464,C0468,2026-07-07 10:37:38,DELIVERED,CENTRAL
O00465,C0547,2026-03-22 16:40:40,SHIPPED,EAST
O00466,C0092,2026-05-09 16:14:51,DELIVERED,EAST
O00467,C0011,2026-02-27 12:09:19,PLACED,SOUTH
O00468,C0009,2025-12-19 12:30:34,DELIVERED,WEST
O00469,C0441,2026-05-04 12:00:49,CANCELLED,CENTRAL
O00470,C0383,2025-08-25 20:00:35,SHIPPED,CENTRAL
O00471,C0400,2026-03-24 14:15:10,CANCELLED,SOUTH
O00472,C0246,2025-09-27 09:27:40,DELIVERED,CENTRAL
O00473,C0545,2025-10-06 12:41:47,CANCELLED,WEST
O00474,C0140,2025-07-12 21:04:11,SHIPPED,WEST
O00475,C0504,2026-04-09 12:44:39,SHIPPED,NORTH
O00476,C0191,2025-06-05 08:34:01,RETURNED,EAST
O00477,C0009,2025-10-03 10:45:28,SHIPPED,SOUTH
O00478,C0431,2025-01-16 15:13:21,SHIPPED,WEST
O00479,C0033,2026-01-16 15:44:50,SHIPPED,SOUTH
O00480,,2025-02-27 12:49:25,PLACED,WEST
O00481,C0257,05-07-2025 11:57:53,CANCELLED,NORTH
O00482,C0395,2025-05-05 20:45:15,DELIVERED,WEST
O00483,C0472,2025-09-11 19:02:12,DELIVERED,NORTH
O00484,C0399,2026-06-18 18:13:30,DELIVERED,EAST
O00485,C0044,2025-11-27 10:40:46,DELIVERED,CENTRAL
O00486,C0306,2026-06-18 09:16:30,SHIPPED,NORTH
O00487,C0445,2025-08-12 09:15:40,SHIPPED,SOUTH
O00488,C0249,2025-10-10 17:07:25,PLACED,NORTH
O00489,C0381,2026-05-02 19:38:09,DELIVERED,SOUTH
O00490,C0634,2025-06-11 15:05:43,SHIPPED,NORTH
O00491,C0550,2025-03-03 13:41:09,CANCELLED,SOUTH
O00492,C0356,2026-05-15 11:20:35,CANCELLED,WEST
O00493,C0367,2025-07-17 08:44:24,DELIVERED,EAST
O00494,C0573,2025-02-10 15:45:28,SHIPPED,WEST
O00495,C0357,2025-07-14 17:11:34,SHIPPED,WEST
O00496,C0568,2025-10-09 21:53:38,PLACED,CENTRAL
O00497,C0270,2025-06-08 15:18:52,DELIVERED,WEST
O00498,C0389,2025-01-01 20:40:32,DELIVERED,NORTH
O00499,C0329,2026-01-08 20:39:15,DELIVERED,CENTRAL
O00500,,2026-02-01 11:33:43,DELIVERED,CENTRAL
O00501,C0420,2025-06-07 17:18:20,DELIVERED,NORTH
O00502,C0045,2025-04-09 16:42:04,CANCELLED,SOUTH
O00503,C0110,2025-07-02 21:02:12,DELIVERED,NORTH
O00504,C0398,2025-02-02 17:41:53,DELIVERED,CENTRAL
O00505,C0621,2025-09-20 08:23:14,DELIVERED,NORTH
O00506,C0082,2025-08-02 18:31:59,DELIVERED,NORTH
O00507,C0426,2026-01-05 16:47:56,CANCELLED,NORTH
O00508,C0073,2025-09-30 16:02:46,CANCELLED,NORTH
O00509,C0237,2025-08-10 16:06:06,DELIVERED,SOUTH
O00510,C0584,2025-07-17 16:42:15,DELIVERED,SOUTH
O00511,C0109,2026-07-26 19:35:26,DELIVERED,CENTRAL
O00512,C0438,2026-01-02 18:29:44,RETURNED,SOUTH
O00513,C0346,2025-07-04 16:25:32,DELIVERED,CENTRAL
O00514,C0564,2026-03-30 13:57:20,RETURNED,EAST
O00515,C0441,2026-01-16 14:48:40,CANCELLED,EAST
O00516,C0385,2025-09-04 17:34:13,DELIVERED,EAST
O00517,C0001,2026-01-04 15:28:25,DELIVERED,EAST
O00518,C0310,17-01-2025 16:08:56,PLACED,SOUTH
O00519,C0283,2025-08-08 21:20:01,RETURNED,CENTRAL
O00520,,2026-07-24 17:59:36,PLACED,NORTH
O00521,C0272,2026-04-17 13:09:08,DELIVERED,CENTRAL
O00522,C0308,2025-09-13 11:16:51,PLACED,WEST
O00523,C0333,2025-08-11 19:04:46,CANCELLED,SOUTH
O00524,C0591,2026-05-15 21:57:44,CANCELLED,NORTH
O00525,C0591,2025-11-04 08:46:51,DELIVERED,NORTH
O00526,C0445,2025-12-09 13:56:52,DELIVERED,NORTH
O00527,C0617,2025-08-21 19:41:54,RETURNED,WEST
O00528,C0327,2025-02-25 12:33:02,DELIVERED,SOUTH
O00529,C0157,2025-12-01 16:44:14,PLACED,WEST
O00530,C0517,2026-04-02 20:38:36,PLACED,WEST
O00531,C0136,2025-10-24 20:25:09,SHIPPED,WEST
O00532,C0088,2025-02-20 16:25:16,DELIVERED,WEST
O00533,C0573,2025-05-14 20:08:30,SHIPPED,WEST
O00534,C0537,2025-07-20 16:39:47,SHIPPED,NORTH
O00535,C0590,2025-09-30 20:27:20,PLACED,WEST
O00536,C0329,2026-03-10 13:22:12,SHIPPED,NORTH
O00537,C0453,2025-11-09 10:22:39,DELIVERED,WEST
O00538,C0383,2025-02-15 21:14:12,PLACED,NORTH
O00539,C0636,2025-04-26 19:03:15,RETURNED,EAST
O00540,,2025-01-15 13:44:51,PLACED,WEST
O00541,C0551,2026-04-28 08:21:13,SHIPPED,CENTRAL
O00542,C0495,2026-06-20 20:16:35,DELIVERED,SOUTH
O00543,C0540,2025-01-19 14:37:57,PLACED,SOUTH
O00544,C0633,2025-03-03 12:12:50,SHIPPED,WEST
O00545,C0278,2025-01-09 09:24:42,DELIVERED,EAST
O00546,C0396,2025-04-21 08:18:55,SHIPPED,WEST
O00547,C0324,2026-06-05 19:06:57,DELIVERED,CENTRAL
O00548,C0513,2026-06-29 09:11:12,RETURNED,CENTRAL
O00549,C0543,2025-01-23 08:15:59,SHIPPED,WEST
O00550,C0356,2026-02-07 19:10:01,DELIVERED,EAST
O00551,C0064,2025-11-06 11:32:17,DELIVERED,WEST
O00552,C0156,2025-01-31 16:17:14,SHIPPED,WEST
O00553,C0534,2025-05-21 09:46:24,RETURNED,CENTRAL
O00554,C0157,2025-08-21 14:15:36,DELIVERED,EAST
O00555,C0212,04-12-2025 15:34:08,DELIVERED,CENTRAL
O00556,C0142,2026-07-09 18:51:12,SHIPPED,CENTRAL
O00557,C0149,2025-05-19 14:58:49,DELIVERED,CENTRAL
O00558,C0546,2025-06-11 13:04:35,RETURNED,NORTH
O00559,C0150,2025-07-08 13:53:56,DELIVERED,EAST
O00560,,2026-02-28 14:19:28,DELIVERED,EAST
O00561,C0135,2025-06-05 20:12:06,SHIPPED,CENTRAL
O00562,C0237,2025-10-01 17:36:39,DELIVERED,SOUTH
O00563,C0489,2025-01-27 13:05:44,PLACED,CENTRAL
O00564,C0189,2026-04-26 19:41:23,CANCELLED,WEST
O00565,C0232,2026-05-01 10:10:12,PLACED,NORTH
O00566,C0208,2025-10-04 14:14:47,DELIVERED,NORTH
O00567,C0502,2025-07-01 15:55:39,DELIVERED,WEST
O00568,C0043,2025-09-10 14:25:49,DELIVERED,WEST
O00569,C0586,2025-11-17 14:39:47,DELIVERED,CENTRAL
O00570,C0468,2025-02-09 16:06:28,CANCELLED,NORTH
O00571,C0041,2025-09-09 16:34:25,DELIVERED,CENTRAL
O00572,C0408,2025-02-20 11:18:28,RETURNED,EAST
O00573,C0628,2026-04-18 10:27:18,RETURNED,CENTRAL
O00574,C0463,2025-05-26 15:53:41,PLACED,CENTRAL
O00575,C0560,2025-04-26 10:49:37,PLACED,WEST
O00576,C0465,2025-11-28 15:01:11,DELIVERED,SOUTH
O00577,C0168,2026-04-11 09:16:20,DELIVERED,NORTH
O00578,C0650,2025-04-04 09:45:28,DELIVERED,CENTRAL
O00579,C0627,2026-01-29 19:50:32,RETURNED,WEST
O00580,,2026-07-18 14:02:49,PLACED,EAST
O00581,C0154,2026-08-03 21:42:55,PLACED,SOUTH
O00582,C0430,2025-07-03 20:45:03,SHIPPED,WEST
O00583,C0135,2025-10-23 18:11:07,RETURNED,NORTH
O00584,C0511,2025-09-17 08:29:31,DELIVERED,NORTH
O00585,C0488,2026-05-21 11:13:37,DELIVERED,WEST
O00586,C0251,2025-03-23 17:38:00,RETURNED,EAST
O00587,C0051,2026-07-25 21:52:13,SHIPPED,NORTH
O00588,C0034,2025-12-24 08:09:54,DELIVERED,CENTRAL
O00589,C0051,2025-11-02 13:58:05,PLACED,SOUTH
O00590,C0610,2025-06-15 18:18:39,DELIVERED,CENTRAL
O00591,C0369,2025-07-01 15:47:37,RETURNED,NORTH
O00592,C0389,03-11-2025 13:23:57,CANCELLED,WEST
O00593,C0138,2026-07-18 09:18:30,PLACED,EAST
O00594,C0215,2025-12-04 16:26:33,DELIVERED,CENTRAL
O00595,C0645,2025-03-01 09:36:46,DELIVERED,NORTH
O00596,C0295,2026-05-11 19:44:38,DELIVERED,EAST
O00597,C0363,2025-09-23 16:36:39,RETURNED,CENTRAL
O00598,C0648,2026-07-31 15:33:46,DELIVERED,SOUTH
O00599,C0002,2025-08-27 19:18:12,PLACED,WEST
O00600,,2025-05-01 19:54:13,CANCELLED,WEST
O00601,C0574,2026-02-28 08:21:22,CANCELLED,SOUTH
O00602,C0289,2025-01-12 18:12:44,SHIPPED,NORTH
O00603,C0332,2025-11-12 12:32:35,DELIVERED,NORTH
O00604,C0583,2025-12-08 13:25:46,DELIVERED,NORTH
O00605,C0347,2025-06-29 11:21:53,RETURNED,WEST
O00606,C0140,2026-05-01 20:02:41,DELIVERED,WEST
O00607,C0424,2026-07-04 13:29:50,RETURNED,NORTH
O00608,C0324,2026-06-18 12:36:46,DELIVERED,NORTH
O00609,C0363,2025-08-02 17:43:21,PLACED,SOUTH
O00610,C0385,2025-10-15 21:01:21,DELIVERED,SOUTH
O00611,C0316,2026-02-03 10:38:07,DELIVERED,EAST
O00612,C0509,2025-02-02 12:26:05,RETURNED,EAST
O00613,C0538,2026-04-08 21:19:13,SHIPPED,NORTH
O00614,C0207,2026-01-19 20:02:49,RETURNED,WEST
O00615,C0513,2026-06-03 08:51:30,PLACED,EAST
O00616,C0318,2026-05-11 19:55:33,DELIVERED,SOUTH
O00617,C0136,2025-04-11 21:33:43,SHIPPED,NORTH
O00618,C0535,2026-04-16 14:45:55,PLACED,EAST
O00619,C0090,2025-02-15 18:54:38,SHIPPED,NORTH
O00620,,2025-04-16 16:49:42,DELIVERED,NORTH
O00621,C0329,2025-11-16 18:57:13,SHIPPED,EAST
O00622,C0452,2025-10-11 16:20:49,DELIVERED,EAST
O00623,C0016,2025-06-02 10:17:07,RETURNED,CENTRAL
O00624,C0359,2026-06-11 09:13:34,DELIVERED,EAST
O00625,C0588,2025-05-25 19:51:18,SHIPPED,NORTH
O00626,C0554,2025-11-15 17:57:21,DELIVERED,SOUTH
O00627,C0052,2025-01-30 15:57:43,PLACED,NORTH
O00628,C0611,2025-03-30 14:25:11,RETURNED,WEST
O00629,C0203,31-12-2025 12:21:52,DELIVERED,CENTRAL
O00630,C0582,2025-03-22 20:48:29,PLACED,WEST
O00631,C0477,2025-04-10 15:19:43,DELIVERED,SOUTH
O00632,C0265,2025-05-28 21:57:39,RETURNED,WEST
O00633,C0339,2025-07-07 19:58:42,CANCELLED,EAST
O00634,C0487,2026-04-10 15:01:04,PLACED,WEST
O00635,C0357,2026-04-18 21:10:18,DELIVERED,SOUTH
O00636,C0110,2026-06-05 09:25:52,SHIPPED,NORTH
O00637,C0605,2025-11-06 16:29:25,DELIVERED,CENTRAL
O00638,C0394,2025-09-07 16:10:30,PLACED,SOUTH
O00639,C0351,2026-03-18 20:27:36,DELIVERED,SOUTH
O00640,,2025-06-27 18:42:04,DELIVERED,CENTRAL
O00641,C0475,2026-05-14 09:37:38,SHIPPED,NORTH
O00642,C0072,2026-04-01 10:19:25,DELIVERED,CENTRAL
O00643,C0063,2026-01-24 13:31:41,PLACED,SOUTH
O00644,C0153,2025-01-01 20:09:42,DELIVERED,EAST
O00645,C0201,2026-02-04 17:36:28,SHIPPED,EAST
O00646,C0312,2025-11-03 17:50:58,RETURNED,WEST
O00647,C0627,2025-12-19 09:37:00,RETURNED,WEST
O00648,C0379,2025-05-11 21:18:03,RETURNED,NORTH
O00649,C0368,2025-01-01 19:35:52,PLACED,EAST
O00650,C0605,2025-02-01 11:27:44,DELIVERED,EAST
O00651,C0559,2026-01-27 14:24:27,SHIPPED,SOUTH
O00652,C0394,2026-05-02 10:12:35,CANCELLED,EAST
O00653,C0129,2026-03-04 10:18:55,PLACED,NORTH
O00654,C0499,2025-01-17 10:46:56,DELIVERED,SOUTH
O00655,C0426,2025-03-28 10:41:51,RETURNED,CENTRAL
O00656,C0522,2026-03-12 17:11:29,DELIVERED,WEST
O00657,C0435,2026-01-29 13:14:11,DELIVERED,CENTRAL
O00658,C0514,2026-05-26 21:46:15,SHIPPED,CENTRAL
O00659,C0495,2026-01-11 08:02:36,DELIVERED,NORTH
O00660,,2026-05-09 19:05:09,DELIVERED,CENTRAL
O00661,C0536,2025-10-14 15:33:05,RETURNED,NORTH
O00662,C0080,2025-09-09 15:40:47,DELIVERED,CENTRAL
O00663,C0352,2025-11-16 17:03:57,DELIVERED,NORTH
O00664,C0481,2026-04-26 15:32:57,DELIVERED,EAST
O00665,C0297,2026-03-08 13:51:18,PLACED,CENTRAL
O00666,C0267,08-11-2025 19:50:36,PLACED,WEST
O00667,C0299,2025-06-23 17:03:42,CANCELLED,CENTRAL
O00668,C0130,2025-01-28 12:31:05,DELIVERED,EAST
O00669,C0282,2025-09-16 10:39:17,CANCELLED,NORTH
O00670,C0606,2025-04-25 17:11:58,DELIVERED,WEST
O00671,C0242,2026-01-14 20:11:16,DELIVERED,CENTRAL
O00672,C0610,2025-02-03 13:05:09,RETURNED,SOUTH
O00673,C0393,2026-05-23 20:26:49,SHIPPED,WEST
O00674,C0354,2025-06-21 11:36:46,PLACED,EAST
O00675,C0409,2025-04-29 08:10:29,DELIVERED,WEST
O00676,C0400,2026-06-30 11:24:43,DELIVERED,SOUTH
O00677,C0296,2026-06-28 21:27:00,RETURNED,WEST
O00678,C0043,2026-01-27 18:20:33,PLACED,CENTRAL
O00679,C0280,2025-12-29 21:27:39,SHIPPED,EAST
O00680,,2025-04-11 12:41:37,DELIVERED,SOUTH
O00681,C0185,2025-07-19 16:21:43,SHIPPED,NORTH
O00682,C0422,2025-01-09 21:04:00,PLACED,NORTH
O00683,C0291,2026-04-02 13:14:46,SHIPPED,NORTH
O00684,C0609,2025-01-25 17:05:03,DELIVERED,SOUTH
O00685,C0620,2025-05-05 19:07:05,PLACED,CENTRAL
O00686,C0260,2025-07-09 09:44:11,SHIPPED,NORTH
O00687,C0332,2026-04-10 12:49:27,SHIPPED,NORTH
O00688,C0398,2025-10-11 20:03:24,SHIPPED,NORTH
O00689,C0452,2025-09-22 21:16:11,PLACED,SOUTH
O00690,C0112,2026-02-07 10:41:31,PLACED,WEST
O00691,C0453,2025-08-12 17:41:06,DELIVERED,NORTH
O00692,C0257,2025-02-05 09:04:36,DELIVERED,NORTH
O00693,C0001,2026-05-25 10:41:40,RETURNED,WEST
O00694,C0401,2025-09-30 10:44:21,DELIVERED,CENTRAL
O00695,C0072,2026-05-18 15:27:25,DELIVERED,NORTH
O00696,C0494,2026-01-29 19:52:49,PLACED,CENTRAL
O00697,C0411,2026-01-03 13:43:19,PLACED,NORTH
O00698,C0083,2026-01-10 16:54:21,CANCELLED,EAST
O00699,C0394,2025-07-27 10:35:02,DELIVERED,EAST
O00700,,2026-02-04 09:40:44,DELIVERED,NORTH
O00701,C0037,2026-03-25 19:12:08,SHIPPED,CENTRAL
O00702,C0554,2025-09-02 15:24:04,DELIVERED,WEST
O00703,C0017,01-07-2026 21:51:28,PLACED,NORTH
O00704,C0416,2025-12-12 20:46:02,PLACED,CENTRAL
O00705,C0550,2026-04-15 18:55:55,PLACED,CENTRAL
O00706,C0145,2025-08-27 09:02:47,DELIVERED,NORTH
O00707,C0134,2026-04-28 17:02:15,PLACED,NORTH
O00708,C0468,2025-11-11 21:50:06,DELIVERED,CENTRAL
O00709,C0117,2025-03-07 21:52:06,DELIVERED,CENTRAL
O00710,C0437,2025-08-14 09:51:12,SHIPPED,WEST
O00711,C0559,2025-11-29 09:43:36,PLACED,SOUTH
O00712,C0065,2025-02-16 17:11:21,PLACED,SOUTH
O00713,C0567,2026-03-02 10:44:23,PLACED,SOUTH
O00714,C0648,2025-02-11 10:06:50,DELIVERED,SOUTH
O00715,C0008,2025-01-17 15:05:00,PLACED,NORTH
O00716,C0488,2025-10-18 14:44:51,DELIVERED,SOUTH
O00717,C0462,2025-05-27 18:17:33,DELIVERED,SOUTH
O00718,C0512,2025-02-08 17:11:45,DELIVERED,NORTH
O00719,C0572,2025-11-05 13:26:00,SHIPPED,NORTH
O00720,,2026-06-27 09:39:23,RETURNED,CENTRAL
O00721,C0642,2026-06-04 11:29:49,DELIVERED,EAST
O00722,C0153,2025-02-24 11:07:50,DELIVERED,WEST
O00723,C0045,2026-05-25 10:10:42,PLACED,EAST
O00724,C0343,2025-10-19 11:27:16,DELIVERED,WEST
O00725,C0551,2025-02-14 09:47:03,PLACED,NORTH
O00726,C0241,2026-05-12 16:07:04,DELIVERED,CENTRAL
O00727,C0334,2025-11-30 14:12:47,SHIPPED,NORTH
O00728,C0423,2025-11-30 11:06:15,RETURNED,WEST
O00729,C0497,2025-08-14 09:30:37,PLACED,WEST
O00730,C0466,2025-05-29 11:59:39,PLACED,EAST
O00731,C0648,2025-05-20 15:46:12,DELIVERED,EAST
O00732,C0583,2025-07-27 13:08:02,PLACED,SOUTH
O00733,C0429,2025-04-24 21:29:29,PLACED,EAST
O00734,C0627,2025-08-14 12:38:10,RETURNED,CENTRAL
O00735,C0422,2026-07-21 21:14:05,CANCELLED,WEST
O00736,C0474,2025-08-10 17:30:53,SHIPPED,WEST
O00737,C0594,2025-09-10 11:20:27,SHIPPED,CENTRAL
O00738,C0428,2025-06-02 17:57:00,RETURNED,NORTH
O00739,C0035,2026-04-27 19:49:32,DELIVERED,WEST
O00740,,06-05-2026 20:51:44,CANCELLED,WEST
O00741,C0013,2026-05-23 11:05:35,DELIVERED,WEST
O00742,C0245,2025-08-12 10:22:18,DELIVERED,NORTH
O00743,C0166,2025-01-17 15:42:19,DELIVERED,CENTRAL
O00744,C0142,2025-01-25 15:29:49,RETURNED,WEST
O00745,C0642,2025-07-09 20:55:23,DELIVERED,NORTH
O00746,C0341,2025-03-14 14:57:44,DELIVERED,EAST
O00747,C0628,2026-03-13 20:17:44,DELIVERED,SOUTH
O00748,C0057,2025-03-24 17:56:21,DELIVERED,EAST
O00749,C0477,2025-02-22 09:24:23,DELIVERED,EAST
O00750,C0069,2026-01-11 10:41:35,DELIVERED,SOUTH
O00751,C0117,2025-05-22 13:15:34,DELIVERED,CENTRAL
O00752,C0231,2025-08-03 20:47:48,SHIPPED,EAST
O00753,C0056,2026-05-31 18:27:17,PLACED,EAST
O00754,C0126,2026-04-09 15:32:33,DELIVERED,CENTRAL
O00755,C0377,2026-06-30 12:28:39,CANCELLED,NORTH
O00756,C0401,2025-07-12 15:05:05,RETURNED,EAST
O00757,C0115,2025-03-20 09:10:17,DELIVERED,WEST
O00758,C0643,2025-06-04 21:13:33,PLACED,WEST
O00759,C0431,2026-07-09 10:30:22,DELIVERED,NORTH
O00760,,2025-10-26 11:04:01,RETURNED,SOUTH
O00761,C0593,2026-06-17 18:21:26,SHIPPED,EAST
O00762,C0543,2026-05-13 17:42:44,CANCELLED,WEST
O00763,C0314,2026-04-14 12:36:08,PLACED,EAST
O00764,C0049,2025-08-21 15:23:18,PLACED,EAST
O00765,C0165,2026-04-12 10:39:59,DELIVERED,EAST
O00766,C0158,2025-07-06 10:53:45,PLACED,NORTH
O00767,C0452,2025-02-12 13:36:08,SHIPPED,SOUTH
O00768,C0325,2025-07-30 16:45:02,RETURNED,SOUTH
O00769,C0547,2026-01-17 15:34:10,SHIPPED,NORTH
O00770,C0470,2026-02-19 15:49:09,RETURNED,SOUTH
O00771,C0340,2025-01-05 19:34:32,DELIVERED,EAST
O00772,C0151,2026-05-01 12:48:36,CANCELLED,WEST
O00773,C0491,2025-12-13 19:07:46,RETURNED,SOUTH
O00774,C0412,2026-07-19 09:19:01,DELIVERED,SOUTH
O00775,C0057,2026-04-02 13:05:20,DELIVERED,SOUTH
O00776,C0285,2026-06-24 11:50:59,SHIPPED,NORTH
O00777,C0090,06-07-2026 21:28:43,RETURNED,WEST
O00778,C0620,2025-07-19 15:20:38,DELIVERED,NORTH
O00779,C0438,2026-01-05 14:09:45,DELIVERED,EAST
O00780,,2025-01-13 12:22:22,SHIPPED,WEST
O00781,C0455,2026-07-29 09:13:46,DELIVERED,WEST
O00782,C0435,2026-03-30 12:10:51,DELIVERED,WEST
O00783,C0089,2025-05-23 21:37:38,PLACED,EAST
O00784,C0068,2026-05-02 21:33:21,RETURNED,CENTRAL
O00785,C0280,2026-01-20 09:00:26,DELIVERED,CENTRAL
O00786,C0141,2026-04-19 19:36:48,SHIPPED,WEST
O00787,C0310,2025-10-24 16:31:02,CANCELLED,EAST
O00788,C0230,2026-05-21 16:47:29,PLACED,NORTH
O00789,C0484,2025-06-07 12:19:40,PLACED,EAST
O00790,C0251,2026-03-04 10:31:58,PLACED,EAST
O00791,C0371,2026-05-20 09:38:47,DELIVERED,CENTRAL
O00792,C0488,2026-03-23 21:16:40,RETURNED,NORTH
O00793,C0018,2026-01-18 16:46:36,CANCELLED,SOUTH
O00794,C0139,2025-03-01 10:20:29,DELIVERED,NORTH
O00795,C0365,2025-10-07 13:26:40,PLACED,EAST
O00796,C0527,2026-06-27 18:59:04,SHIPPED,SOUTH
O00797,C0557,2025-04-07 17:48:10,SHIPPED,EAST
O00798,C0372,2025-11-05 12:43:44,PLACED,CENTRAL
O00799,C0141,2025-12-27 21:09:00,DELIVERED,EAST
O00800,,2026-05-12 14:21:58,RETURNED,NORTH
O00801,C0193,2025-08-12 10:32:14,CANCELLED,CENTRAL
O00802,C0565,2026-06-23 21:34:45,DELIVERED,NORTH
O00803,C0120,2026-03-04 15:58:04,CANCELLED,NORTH
O00804,C0372,2026-05-07 13:19:44,PLACED,WEST
O00805,C0312,2026-06-20 20:21:11,PLACED,NORTH
O00806,C0146,2025-08-16 10:54:44,DELIVERED,EAST
O00807,C0436,2025-05-09 11:08:05,DELIVERED,NORTH
O00808,C0442,2025-03-21 08:49:30,PLACED,NORTH
O00809,C0608,2025-02-03 20:42:32,PLACED,NORTH
O00810,C0011,2025-09-17 08:04:19,DELIVERED,NORTH
O00811,C0190,2025-07-30 17:57:12,DELIVERED,NORTH
O00812,C0285,2025-04-03 10:54:47,RETURNED,EAST
O00813,C0628,2025-12-27 10:54:32,SHIPPED,CENTRAL
O00814,C0015,11-03-2025 09:52:37,DELIVERED,SOUTH
O00815,C0551,2025-10-16 10:57:48,PLACED,NORTH
O00816,C0487,2025-08-08 16:54:45,DELIVERED,CENTRAL
O00817,C0186,2025-07-09 15:43:06,CANCELLED,WEST
O00818,C0418,2026-03-11 11:32:14,PLACED,EAST
O00819,C0140,2025-05-07 15:07:33,DELIVERED,EAST
O00820,,2025-10-23 16:46:02,PLACED,WEST
O00821,C0615,2025-04-29 14:18:29,DELIVERED,WEST
O00822,C0439,2025-08-20 16:26:18,SHIPPED,NORTH
O00823,C0014,2026-05-03 18:23:11,RETURNED,WEST
O00824,C0088,2025-04-18 14:28:33,PLACED,WEST
O00825,C0173,2026-02-15 19:37:06,PLACED,SOUTH
O00826,C0414,2025-12-13 11:38:54,PLACED,WEST
O00827,C0596,2026-05-27 12:48:45,DELIVERED,WEST
O00828,C0415,2025-12-31 15:42:38,RETURNED,CENTRAL
O00829,C0111,2025-10-13 10:49:29,PLACED,WEST
O00830,C0031,2026-05-25 11:40:08,PLACED,NORTH
O00831,C0184,2025-03-11 15:43:01,DELIVERED,EAST
O00832,C0099,2025-06-06 12:39:39,DELIVERED,CENTRAL
O00833,C0301,2026-05-20 20:29:12,DELIVERED,WEST
O00834,C0554,2026-06-01 12:34:21,DELIVERED,NORTH
O00835,C0323,2026-03-17 09:24:28,CANCELLED,WEST
O00836,C0571,2026-04-16 08:02:11,DELIVERED,EAST
O00837,C0320,2025-06-18 15:27:08,DELIVERED,WEST
O00838,C0568,2025-04-23 17:43:31,DELIVERED,CENTRAL
O00839,C0161,2026-04-27 15:35:54,DELIVERED,WEST
O00840,,2025-09-27 15:37:24,DELIVERED,EAST
O00841,C0605,2025-10-19 13:03:01,PLACED,EAST
O00842,C0028,2025-12-24 20:47:37,DELIVERED,EAST
O00843,C0366,2026-01-25 09:27:22,DELIVERED,NORTH
O00844,C0320,2025-09-08 11:15:41,DELIVERED,NORTH
O00845,C0021,2025-11-09 09:21:10,DELIVERED,NORTH
O00846,C0582,2026-04-17 18:55:27,DELIVERED,WEST
O00847,C0603,2025-10-01 08:44:30,PLACED,EAST
O00848,C0587,2026-01-22 17:24:20,PLACED,WEST
O00849,C0345,2025-04-13 19:43:13,DELIVERED,EAST
O00850,C0447,2025-06-20 17:19:23,SHIPPED,NORTH
O00851,C0049,03-07-2026 11:18:16,SHIPPED,CENTRAL
O00852,C0095,2026-02-16 20:14:39,DELIVERED,CENTRAL
O00853,C0069,2025-04-08 17:21:17,DELIVERED,CENTRAL
O00854,C0079,2026-05-02 14:13:22,DELIVERED,EAST
O00855,C0553,2026-06-01 20:19:27,SHIPPED,WEST
O00856,C0465,2026-02-16 12:39:32,DELIVERED,CENTRAL
O00857,C0529,2025-07-04 08:40:45,RETURNED,CENTRAL
O00858,C0479,2026-05-27 11:42:52,SHIPPED,CENTRAL
O00859,C0062,2026-03-21 17:46:40,DELIVERED,EAST
O00860,,2026-04-19 10:15:09,DELIVERED,EAST
O00861,C0066,2026-03-22 14:20:55,DELIVERED,WEST
O00862,C0165,2025-10-01 21:18:41,SHIPPED,CENTRAL
O00863,C0154,2025-08-30 14:15:07,SHIPPED,SOUTH
O00864,C0447,2025-11-14 15:31:35,DELIVERED,NORTH
O00865,C0030,2025-07-26 10:17:08,SHIPPED,EAST
O00866,C0044,2026-07-18 10:41:54,RETURNED,WEST
O00867,C0086,2025-01-21 08:55:57,SHIPPED,EAST
O00868,C0093,2025-03-07 14:57:23,DELIVERED,SOUTH
O00869,C0513,2025-08-30 09:36:47,RETURNED,CENTRAL
O00870,C0093,2026-06-22 12:31:56,SHIPPED,NORTH
O00871,C0400,2025-11-17 13:53:37,CANCELLED,SOUTH
O00872,C0180,2026-03-10 11:09:06,SHIPPED,EAST
O00873,C0604,2026-03-27 14:16:55,PLACED,CENTRAL
O00874,C0559,2026-01-19 19:07:20,DELIVERED,SOUTH
O00875,C0372,2025-10-12 20:59:09,DELIVERED,EAST
O00876,C0621,2025-11-12 08:41:57,PLACED,NORTH
O00877,C0317,2025-09-03 12:35:24,DELIVERED,EAST
O00878,C0454,2025-05-05 16:55:15,DELIVERED,WEST
O00879,C0242,2025-09-19 12:05:59,SHIPPED,SOUTH
O00880,,2026-03-26 18:20:56,CANCELLED,WEST
O00881,C0504,2025-02-04 12:55:05,DELIVERED,WEST
O00882,C0103,2025-12-07 19:27:56,CANCELLED,EAST
O00883,C0617,2026-06-03 09:22:26,DELIVERED,CENTRAL
O00884,C0054,2025-12-01 15:44:01,DELIVERED,SOUTH
O00885,C0004,2026-03-31 20:41:08,DELIVERED,EAST
O00886,C0162,2025-11-18 17:05:07,SHIPPED,SOUTH
O00887,C0490,2026-02-25 20:20:28,RETURNED,SOUTH
O00888,C0336,24-09-2025 10:43:37,CANCELLED,SOUTH
O00889,C0403,2025-03-28 14:23:11,RETURNED,CENTRAL
O00890,C0572,2025-08-18 08:01:59,DELIVERED,SOUTH
O00891,C0173,2025-04-02 15:12:16,PLACED,CENTRAL
O00892,C0092,2026-03-16 17:16:09,RETURNED,SOUTH
O00893,C0539,2026-08-04 09:00:45,DELIVERED,WEST
O00894,C0209,2026-05-22 09:14:45,SHIPPED,EAST
O00895,C0134,2025-10-22 19:31:24,DELIVERED,SOUTH
O00896,C0194,2025-08-09 21:18:46,DELIVERED,WEST
O00897,C0242,2025-05-30 08:18:16,DELIVERED,SOUTH
O00898,C0470,2026-01-14 17:43:41,PLACED,WEST
O00899,C0408,2025-05-17 21:20:44,DELIVERED,WEST
O00900,,2026-03-10 19:38:16,PLACED,CENTRAL
O00901,C0241,2025-03-02 08:21:59,DELIVERED,EAST
O00902,C0635,2025-02-16 08:16:32,DELIVERED,WEST
O00903,C0043,2026-01-15 10:57:35,DELIVERED,EAST
O00904,C0348,2025-06-23 16:31:59,RETURNED,SOUTH
O00905,C0444,2025-04-02 13:45:33,PLACED,NORTH
O00906,C0288,2025-11-17 08:08:31,DELIVERED,WEST
O00907,C0271,2025-10-17 12:39:53,DELIVERED,WEST
O00908,C0155,2025-06-18 13:47:31,DELIVERED,WEST
O00909,C0236,2025-02-24 11:09:03,SHIPPED,WEST
O00910,C0447,2025-09-24 10:45:29,PLACED,WEST
O00911,C0575,2025-02-11 15:22:45,DELIVERED,WEST
O00912,C0152,2025-04-26 21:46:55,PLACED,NORTH
O00913,C0173,2025-07-28 21:18:11,DELIVERED,EAST
O00914,C0598,2026-07-31 18:37:13,RETURNED,NORTH
O00915,C0427,2026-06-23 20:36:11,RETURNED,SOUTH
O00916,C0337,2026-05-26 18:06:56,PLACED,NORTH
O00917,C0109,2026-02-08 13:37:59,CANCELLED,SOUTH
O00918,C0492,2025-01-30 09:29:53,DELIVERED,EAST
O00919,C0638,2025-01-06 13:02:41,RETURNED,EAST
O00920,,2025-05-13 11:55:03,CANCELLED,EAST
O00921,C0073,2025-11-27 20:03:47,DELIVERED,CENTRAL
O00922,C0183,2026-01-26 09:25:16,SHIPPED,WEST
O00923,C0167,2025-04-02 08:54:13,DELIVERED,WEST
O00924,C0158,2025-10-19 18:48:41,PLACED,WEST
O00925,C0318,19-03-2026 19:51:58,RETURNED,CENTRAL
O00926,C0377,2025-05-15 13:42:06,DELIVERED,WEST
O00927,C0577,2026-04-02 14:30:17,DELIVERED,NORTH
O00928,C0191,2026-03-09 20:23:39,DELIVERED,WEST
O00929,C0475,2025-04-06 08:32:21,DELIVERED,SOUTH
O00930,C0538,2026-05-23 16:40:41,PLACED,WEST
O00931,C0490,2026-03-24 09:58:51,SHIPPED,SOUTH
O00932,C0438,2025-11-04 21:15:33,SHIPPED,NORTH
O00933,C0526,2026-07-19 09:58:02,PLACED,WEST
O00934,C0583,2026-02-27 09:29:42,CANCELLED,EAST
O00935,C0516,2025-09-18 17:05:49,PLACED,WEST
O00936,C0403,2025-07-03 20:11:53,PLACED,WEST
O00937,C0466,2025-11-01 13:37:46,DELIVERED,WEST
O00938,C0192,2025-09-29 13:58:55,SHIPPED,NORTH
O00939,C0445,2025-09-23 21:43:06,DELIVERED,NORTH
O00940,,2026-02-09 09:00:10,DELIVERED,WEST
O00941,C0617,2026-02-19 21:42:47,DELIVERED,EAST
O00942,C0405,2026-01-05 19:43:44,CANCELLED,NORTH
O00943,C0115,2025-05-09 10:00:12,CANCELLED,SOUTH
O00944,C0149,2025-01-28 11:30:41,DELIVERED,WEST
O00945,C0475,2026-07-06 11:05:19,PLACED,WEST
O00946,C0157,2025-01-23 09:10:57,DELIVERED,WEST
O00947,C0461,2026-05-12 15:01:55,DELIVERED,SOUTH
O00948,C0402,2025-10-29 17:53:53,PLACED,NORTH
O00949,C0443,2025-04-16 18:54:45,RETURNED,WEST
O00950,C0410,2026-07-22 12:02:31,DELIVERED,CENTRAL
O00951,C0541,2026-05-15 11:45:03,PLACED,CENTRAL
O00952,C0428,2025-11-20 16:04:17,RETURNED,NORTH
O00953,C0460,2026-05-22 17:41:22,DELIVERED,NORTH
O00954,C0481,2025-06-15 12:46:12,SHIPPED,SOUTH
O00955,C0348,2026-06-04 11:37:58,RETURNED,WEST
O00956,C0400,2025-05-15 12:46:45,RETURNED,EAST
O00957,C0637,2026-04-29 20:54:10,SHIPPED,NORTH
O00958,C0161,2026-05-10 10:11:12,DELIVERED,NORTH
O00959,C0215,2026-03-02 15:19:15,DELIVERED,NORTH
O00960,,2026-01-03 12:22:43,PLACED,CENTRAL
O00961,C0441,2025-02-02 20:04:21,PLACED,SOUTH
O00962,C0265,04-05-2025 16:14:31,RETURNED,EAST
O00963,C0274,2025-02-17 20:56:35,RETURNED,CENTRAL
O00964,C0449,2025-04-17 19:03:59,CANCELLED,NORTH
O00965,C0105,2025-04-19 20:39:39,CANCELLED,NORTH
O00966,C0121,2026-06-04 09:10:40,RETURNED,EAST
O00967,C0453,2025-06-10 19:18:45,DELIVERED,WEST
O00968,C0343,2025-04-12 10:41:23,CANCELLED,NORTH
O00969,C0007,2025-07-26 15:26:49,SHIPPED,WEST
O00970,C0088,2025-12-16 12:32:10,SHIPPED,WEST
O00971,C0156,2026-01-05 18:42:15,DELIVERED,CENTRAL
O00972,C0440,2026-03-08 20:14:08,DELIVERED,WEST
O00973,C0371,2026-04-15 21:33:50,RETURNED,WEST
O00974,C0530,2025-05-30 20:00:45,RETURNED,NORTH
O00975,C0169,2025-12-13 13:25:49,DELIVERED,WEST
O00976,C0155,2025-02-07 18:59:41,RETURNED,NORTH
O00977,C0567,2026-06-17 12:26:25,RETURNED,EAST
O00978,C0541,2025-12-19 08:52:17,DELIVERED,SOUTH
O00979,C0558,2026-02-18 15:41:13,DELIVERED,CENTRAL
O00980,,2026-03-29 19:22:56,CANCELLED,WEST
O00981,C0551,2025-07-22 12:05:02,SHIPPED,SOUTH
O00982,C0096,2026-06-17 16:18:13,DELIVERED,EAST
O00983,C0164,2026-06-18 13:48:40,PLACED,CENTRAL
O00984,C0312,2025-09-22 11:53:49,DELIVERED,CENTRAL
O00985,C0382,2025-04-24 19:03:53,SHIPPED,CENTRAL
O00986,C0128,2025-12-29 09:03:48,DELIVERED,CENTRAL
O00987,C0596,2025-01-06 15:21:15,DELIVERED,CENTRAL
O00988,C0587,2025-08-28 13:19:18,DELIVERED,WEST
O00989,C0336,2026-06-17 19:15:06,DELIVERED,SOUTH
O00990,C0436,2026-01-05 15:06:09,CANCELLED,NORTH
O00991,C0134,2025-04-05 08:27:56,DELIVERED,WEST
O00992,C0413,2025-03-21 13:43:33,DELIVERED,CENTRAL
O00993,C0511,2026-02-09 21:16:37,DELIVERED,WEST
O00994,C0167,2026-05-17 19:26:52,PLACED,SOUTH
O00995,C0526,2026-05-12 19:29:08,RETURNED,NORTH
O00996,C0161,2025-08-06 15:30:02,RETURNED,EAST
O00997,C0113,2025-05-02 17:54:26,PLACED,CENTRAL
O00998,C0121,2025-10-24 08:33:09,DELIVERED,EAST
O00999,C0147,07-11-2025 12:31:01,PLACED,CENTRAL
O01000,,2026-03-08 08:59:57,SHIPPED,EAST
O01001,C0501,2025-08-09 10:52:47,PLACED,CENTRAL
O01002,C0428,2025-12-24 09:55:02,DELIVERED,EAST
O01003,C0387,2026-08-03 15:57:21,DELIVERED,CENTRAL
O01004,C0472,2025-05-16 20:08:32,DELIVERED,WEST
O01005,C0092,2025-06-02 21:46:20,CANCELLED,CENTRAL
O01006,C0405,2026-02-24 14:14:57,SHIPPED,NORTH
O01007,C0091,2026-03-30 19:17:41,RETURNED,NORTH
O01008,C0573,2025-11-13 16:41:07,PLACED,CENTRAL
O01009,C0584,2026-07-09 17:48:03,DELIVERED,WEST
O01010,C0545,2026-05-30 08:07:42,PLACED,NORTH
O01011,C0594,2025-10-09 20:13:15,DELIVERED,CENTRAL
O01012,C0504,2025-11-25 14:37:02,RETURNED,NORTH
O01013,C0025,2025-12-15 14:11:26,CANCELLED,EAST
O01014,C0102,2026-01-27 12:05:07,DELIVERED,EAST
O01015,C0092,2025-05-28 10:16:49,PLACED,WEST
O01016,C0186,2025-06-23 08:39:20,PLACED,NORTH
O01017,C0146,2025-11-02 14:06:20,DELIVERED,EAST
O01018,C0124,2025-09-22 14:52:57,PLACED,SOUTH
O01019,C0517,2025-08-31 15:32:48,DELIVERED,NORTH
O01020,,2025-10-03 08:20:29,DELIVERED,NORTH
O01021,C0240,2026-05-11 08:26:40,RETURNED,NORTH
O01022,C0104,2025-10-03 16:37:43,SHIPPED,CENTRAL
O01023,C0457,2025-05-09 12:36:26,PLACED,CENTRAL
O01024,C0554,2025-07-28 20:09:23,RETURNED,SOUTH
O01025,C0463,2026-07-05 14:58:35,PLACED,WEST
O01026,C0062,2025-10-24 18:10:00,RETURNED,WEST
O01027,C0390,2025-10-07 17:16:53,RETURNED,SOUTH
O01028,C0547,2026-06-07 12:02:10,DELIVERED,EAST
O01029,C0144,2025-04-02 14:44:07,DELIVERED,EAST
O01030,C0326,2026-03-19 11:39:32,RETURNED,EAST
O01031,C0280,2025-09-25 20:45:28,SHIPPED,EAST
O01032,C0337,2025-12-16 11:29:38,PLACED,SOUTH
O01033,C0010,2025-01-03 17:30:00,DELIVERED,WEST
O01034,C0403,2026-07-24 19:45:31,DELIVERED,NORTH
O01035,C0456,2026-07-06 08:57:53,DELIVERED,EAST
O01036,C0397,21-01-2026 21:38:22,PLACED,NORTH
O01037,C0198,2025-05-08 15:23:59,DELIVERED,SOUTH
O01038,C0367,2025-01-21 20:17:43,SHIPPED,CENTRAL
O01039,C0240,2025-11-07 20:45:14,RETURNED,EAST
O01040,,2025-02-07 12:31:57,DELIVERED,CENTRAL
O01041,C0406,2025-08-03 08:12:52,PLACED,EAST
O01042,C0199,2026-05-28 15:10:35,DELIVERED,CENTRAL
O01043,C0132,2026-08-02 10:04:37,DELIVERED,SOUTH
O01044,C0536,2025-09-23 17:54:14,DELIVERED,EAST
O01045,C0546,2025-07-16 21:43:01,DELIVERED,CENTRAL
O01046,C0054,2026-04-10 08:27:41,CANCELLED,EAST
O01047,C0125,2026-03-19 21:26:17,DELIVERED,WEST
O01048,C0045,2026-05-23 13:33:48,RETURNED,SOUTH
O01049,C0546,2025-02-18 12:58:26,DELIVERED,NORTH
O01050,C0586,2026-02-06 11:21:05,CANCELLED,SOUTH
O01051,C0202,2026-03-10 09:58:15,PLACED,EAST
O01052,C0029,2025-03-06 18:40:06,DELIVERED,NORTH
O01053,C0111,2025-12-09 21:16:15,DELIVERED,EAST
O01054,C0243,2025-02-25 21:21:33,RETURNED,CENTRAL
O01055,C0458,2026-03-26 20:06:40,DELIVERED,NORTH
O01056,C0067,2025-03-04 08:24:20,CANCELLED,NORTH
O01057,C0642,2026-03-29 08:19:39,DELIVERED,NORTH
O01058,C0391,2025-02-27 16:03:18,DELIVERED,CENTRAL
O01059,C0639,2026-02-25 11:55:38,PLACED,WEST
O01060,,2026-04-21 20:27:56,DELIVERED,NORTH
O01061,C0027,2025-12-14 18:43:50,DELIVERED,EAST
O01062,C0610,2025-07-17 09:06:00,DELIVERED,CENTRAL
O01063,C0522,2025-07-18 17:08:40,SHIPPED,WEST
O01064,C0191,2026-05-08 19:39:28,SHIPPED,NORTH
O01065,C0447,2025-03-03 10:19:37,DELIVERED,EAST
O01066,C0150,2025-11-15 17:56:34,PLACED,EAST
O01067,C0531,2025-12-18 12:23:00,DELIVERED,SOUTH
O01068,C0573,2025-02-28 11:32:52,CANCELLED,WEST
O01069,C0207,2025-12-19 11:12:40,CANCELLED,EAST
O01070,C0479,2025-07-13 18:30:44,DELIVERED,EAST
O01071,C0429,2026-08-03 13:39:19,SHIPPED,NORTH
O01072,C0508,2026-04-11 20:58:02,SHIPPED,NORTH
O01073,C0639,17-08-2025 19:14:29,SHIPPED,WEST
O01074,C0211,2025-12-06 20:47:24,DELIVERED,NORTH
O01075,C0031,2026-01-07 08:04:22,DELIVERED,SOUTH
O01076,C0600,2025-10-25 15:12:40,RETURNED,EAST
O01077,C0291,2025-02-14 08:12:12,PLACED,EAST
O01078,C0252,2025-06-28 13:54:35,PLACED,NORTH
O01079,C0104,2025-06-30 21:16:58,PLACED,SOUTH
O01080,,2026-01-24 18:50:56,PLACED,SOUTH
O01081,C0382,2025-11-09 15:15:23,DELIVERED,CENTRAL
O01082,C0148,2026-03-21 19:04:07,RETURNED,SOUTH
O01083,C0384,2025-07-14 11:34:24,SHIPPED,WEST
O01084,C0602,2025-09-08 08:48:39,SHIPPED,CENTRAL
O01085,C0254,2025-10-29 20:09:20,PLACED,EAST
O01086,C0501,2025-05-10 21:32:37,SHIPPED,NORTH
O01087,C0067,2026-04-27 20:42:39,PLACED,WEST
O01088,C0476,2026-06-06 13:31:33,PLACED,EAST
O01089,C0507,2026-06-23 19:30:45,DELIVERED,CENTRAL
O01090,C0598,2026-02-15 18:58:50,DELIVERED,SOUTH
O01091,C0241,2025-08-13 11:28:55,DELIVERED,EAST
O01092,C0384,2026-03-12 14:36:10,SHIPPED,NORTH
O01093,C0456,2025-05-18 20:05:18,DELIVERED,SOUTH
O01094,C0345,2025-02-12 15:32:39,DELIVERED,WEST
O01095,C0510,2026-03-19 14:23:51,SHIPPED,WEST
O01096,C0272,2025-01-26 10:28:14,DELIVERED,EAST
O01097,C0526,2025-03-26 12:53:32,DELIVERED,NORTH
O01098,C0074,2025-10-11 11:06:07,DELIVERED,CENTRAL
O01099,C0338,2025-07-25 13:12:43,SHIPPED,EAST
O01100,,2025-07-15 19:38:08,RETURNED,CENTRAL
O01101,C0289,2025-09-25 08:49:19,CANCELLED,WEST
O01102,C0013,2026-02-20 21:37:48,DELIVERED,CENTRAL
O01103,C0233,2025-06-02 21:25:14,DELIVERED,SOUTH
O01104,C0566,2026-05-01 11:33:37,DELIVERED,WEST
O01105,C0193,2025-12-15 20:05:20,DELIVERED,WEST
O01106,C0572,2025-08-03 15:28:54,PLACED,SOUTH
O01107,C0512,2025-05-12 12:47:00,CANCELLED,EAST
O01108,C0414,2025-12-14 11:26:27,DELIVERED,CENTRAL
O01109,C0582,2025-11-03 13:37:01,CANCELLED,SOUTH
O01110,C0618,07-06-2025 13:36:40,RETURNED,CENTRAL
O01111,C0066,2026-02-05 14:13:25,DELIVERED,SOUTH
O01112,C0463,2026-05-02 09:21:36,DELIVERED,EAST
O01113,C0567,2025-04-06 10:06:43,PLACED,CENTRAL
O01114,C0072,2026-05-16 08:11:12,RETURNED,WEST
O01115,C0537,2025-10-18 11:14:18,PLACED,NORTH
O01116,C0335,2026-01-13 16:00:10,CANCELLED,WEST
O01117,C0550,2026-02-05 10:07:08,DELIVERED,NORTH
O01118,C0211,2026-02-03 21:13:08,SHIPPED,WEST
O01119,C0602,2025-06-12 17:36:19,SHIPPED,WEST
O01120,,2025-10-10 11:00:09,DELIVERED,WEST
O01121,C0583,2025-09-10 16:21:58,RETURNED,WEST
O01122,C0094,2026-04-19 17:02:47,SHIPPED,WEST
O01123,C0305,2025-12-22 19:53:45,DELIVERED,SOUTH
O01124,C0633,2026-03-02 11:11:57,DELIVERED,WEST
O01125,C0583,2026-01-29 18:11:44,PLACED,NORTH
O01126,C0644,2025-09-03 21:10:17,DELIVERED,NORTH
O01127,C0567,2025-08-11 15:26:48,PLACED,EAST
O01128,C0334,2025-03-20 20:06:32,DELIVERED,SOUTH
O01129,C0474,2025-09-16 11:32:02,PLACED,WEST
O01130,C0200,2026-01-26 13:47:25,DELIVERED,NORTH
O01131,C0140,2025-09-14 09:45:58,SHIPPED,WEST
O01132,C0562,2026-05-12 15:04:05,DELIVERED,WEST
O01133,C0166,2025-05-24 15:52:17,PLACED,NORTH
O01134,C0548,2025-04-13 10:18:07,DELIVERED,SOUTH
O01135,C0280,2025-03-21 18:48:00,PLACED,EAST
O01136,C0546,2025-07-02 11:45:02,SHIPPED,NORTH
O01137,C0106,2026-06-20 18:42:45,DELIVERED,EAST
O01138,C0050,2026-03-31 08:38:00,DELIVERED,SOUTH
O01139,C0205,2025-09-13 13:58:15,PLACED,WEST
O01140,,2025-01-29 08:21:52,SHIPPED,NORTH
O01141,C0172,2025-08-14 09:51:53,DELIVERED,NORTH
O01142,C0335,2026-03-02 16:06:52,SHIPPED,SOUTH
O01143,C0124,2025-08-01 16:25:27,SHIPPED,NORTH
O01144,C0412,2026-01-01 13:11:00,DELIVERED,NORTH
O01145,C0068,2026-02-03 11:29:14,DELIVERED,EAST
O01146,C0224,2026-01-13 08:04:56,DELIVERED,CENTRAL
O01147,C0583,27-05-2026 09:45:34,PLACED,NORTH
O01148,C0137,2025-11-29 18:44:24,SHIPPED,EAST
O01149,C0624,2026-05-09 09:21:01,RETURNED,WEST
O01150,C0239,2026-01-27 16:40:47,DELIVERED,NORTH
O01151,C0128,2025-08-27 08:39:48,SHIPPED,WEST
O01152,C0141,2025-09-07 17:05:03,DELIVERED,EAST
O01153,C0039,2025-07-26 10:24:13,SHIPPED,CENTRAL
O01154,C0138,2026-03-31 19:56:21,SHIPPED,NORTH
O01155,C0296,2026-06-18 20:26:41,DELIVERED,SOUTH
O01156,C0553,2025-12-06 13:15:13,PLACED,SOUTH
O01157,C0534,2025-08-16 17:55:24,SHIPPED,WEST
O01158,C0072,2025-01-07 09:55:31,RETURNED,NORTH
O01159,C0178,2025-05-25 11:08:05,DELIVERED,SOUTH
O01160,,2025-08-30 16:05:27,DELIVERED,EAST
O01161,C0435,2025-06-18 19:12:15,PLACED,SOUTH
O01162,C0207,2025-11-07 12:36:28,SHIPPED,WEST
O01163,C0172,2025-03-23 13:25:24,DELIVERED,WEST
O01164,C0160,2026-06-02 17:47:27,CANCELLED,WEST
O01165,C0086,2025-01-21 20:24:27,DELIVERED,EAST
O01166,C0180,2026-07-05 10:35:46,SHIPPED,WEST
O01167,C0576,2025-11-10 15:18:24,DELIVERED,NORTH
O01168,C0201,2025-12-08 10:45:30,PLACED,SOUTH
O01169,C0384,2025-01-05 08:55:32,DELIVERED,WEST
O01170,C0502,2026-02-09 19:23:24,SHIPPED,CENTRAL
O01171,C0128,2025-03-14 14:56:02,DELIVERED,CENTRAL
O01172,C0262,2025-06-16 11:48:27,DELIVERED,EAST
O01173,C0378,2026-06-06 19:31:40,DELIVERED,WEST
O01174,C0490,2026-03-11 19:15:15,PLACED,EAST
O01175,C0152,2025-01-29 19:42:41,SHIPPED,WEST
O01176,C0593,2025-05-31 12:15:38,RETURNED,SOUTH
O01177,C0394,2025-01-13 09:49:05,DELIVERED,CENTRAL
O01178,C0434,2025-03-24 16:58:12,PLACED,WEST
O01179,C0546,2025-09-16 19:19:32,DELIVERED,WEST
O01180,,2025-11-12 19:26:48,RETURNED,NORTH
O01181,C0353,2025-04-22 18:36:49,CANCELLED,EAST
O01182,C0316,2025-08-03 19:25:44,PLACED,SOUTH
O01183,C0428,2026-05-19 08:06:04,DELIVERED,EAST
O01184,C0191,18-03-2026 10:11:23,DELIVERED,SOUTH
O01185,C0462,2026-05-14 10:32:07,DELIVERED,SOUTH
O01186,C0188,2025-07-10 11:03:47,CANCELLED,SOUTH
O01187,C0642,2025-09-23 21:26:28,RETURNED,NORTH
O01188,C0387,2025-06-20 09:18:05,PLACED,NORTH
O01189,C0490,2025-12-17 08:37:15,DELIVERED,NORTH
O01190,C0008,2025-01-10 08:17:48,DELIVERED,NORTH
O01191,C0008,2025-04-10 11:33:50,DELIVERED,CENTRAL
O01192,C0346,2025-09-30 15:30:48,DELIVERED,EAST
O01193,C0323,2026-01-15 18:56:21,CANCELLED,EAST
O01194,C0365,2026-02-13 14:39:03,RETURNED,NORTH
O01195,C0412,2025-01-04 15:55:44,DELIVERED,SOUTH
O01196,C0544,2025-01-27 17:07:55,SHIPPED,SOUTH
O01197,C0487,2026-01-13 15:39:43,DELIVERED,SOUTH
O01198,C0018,2025-01-04 18:52:20,DELIVERED,NORTH
O01199,C0622,2025-11-30 18:28:14,DELIVERED,CENTRAL
O01200,,2025-03-25 13:27:59,RETURNED,WEST
