customer_id,customer_name,email,registration_date,customer_type
C0001,Arjun Sharma,arjun.sharma1@example.com,2026-01-15,PREMIUM
C0002,Pranav Kulkarni,pranav.kulkarni2@example.com,2025-03-13,VIP
C0003,Arjun More,arjun.more3@example.com,2025-02-14,VIP
C0004,Aditi Sharma,aditi.sharma4@example.com,2025-01-16,REGULAR
C0005,Karan Kulkarni,karan.kulkarni5@example.com,2025-09-16,VIP
C0006,Aarav More,aarav.more6@example.com,2025-04-12,VIP
C0007,Riya Verma,riya.verma7@example.com,2025-04-23,PREMIUM
C0008,Nisha Joshi,nisha.joshi8@example.com,2026-02-19,REGULAR
C0009,Rahul Verma,rahul.verma9@example.com,2025-06-24,PREMIUM
C0010,Rohan Kulkarni,rohan.kulkarni10@example.com,2026-05-06,PREMIUM
C0011,Arjun Patil,arjun.patil11@example.com,2025-07-14,REGULAR
C0012,Diya Singh,diya.singh12@example.com,2025-11-06,PREMIUM
C0013,Vivaan Pawar,vivaan.pawar13@example.com,2025-10-02,REGULAR
C0014,Isha Patil,isha.patil14@example.com,2025-10-10,PREMIUM
C0015,Kavya Singh,kavya.singh15@example.com,2025-10-23,REGULAR
C0016,Aditya Sharma,aditya.sharma16@example.com,2025-12-05,REGULAR
C0017,Kabir Patil,kabir.patil17@example.com,2026-03-14,REGULAR
C0018,Arjun Verma,arjun.verma18@example.com,2025-05-23,PREMIUM
C0019,Diya Deshmukh,diya.deshmukh19@example.com,2025-07-09,PREMIUM
C0020,Karan Joshi,karan.joshi20@example.com,2025-12-26,VIP
C0021,Aditya Jadhav,aditya.jadhav21@example.com,2025-11-22,REGULAR
C0022,Riya Kulkarni,riya.kulkarni22@example.com,2025-03-25,PREMIUM
C0023,Isha Joshi,isha.joshi23@example.com,2026-04-19,VIP
C0024,Riya Kulkarni,riya.kulkarni24@example.com,2025-12-17,PREMIUM
C0025,Vivaan Kulkarni,vivaan.kulkarni25@example.com,2026-02-25,REGULAR
C0026,Ananya Verma,ananya.verma26@example.com,2025-05-18,REGULAR
C0027,Karan Jadhav,karan.jadhav27@example.com,2026-03-25,VIP
C0028,Ananya Kulkarni,ananya.kulkarni28@example.com,2025-12-02,PREMIUM
C0029,Isha Pawar,isha.pawar29@example.com,2025-03-15,PREMIUM
C0030,Rohan Kulkarni,rohan.kulkarni30@example.com,2026-01-17,VIP
C0031,Riya Joshi,riya.joshi31@example.com,2026-01-18,VIP
C0032,Aditi Jadhav,aditi.jadhav32@example.com,2025-07-24,PREMIUM
C0033,Pranav Deshmukh,pranav.deshmukh33@example.com,2025-09-18,PREMIUM
C0034,Aditya Sharma,aditya.sharma34@example.com,2026-03-17,REGULAR
C0035,Rohan Deshmukh,rohan.deshmukh35@example.com,2026-02-10,VIP
C0036,Aditi Jadhav,aditi.jadhav36@example.com,2025-02-02,PREMIUM
C0037,Isha Jadhav,isha.jadhav37@example.com,2025-08-28,VIP
C0038,Ishaan More,ishaan.more38@example.com,2026-03-17,REGULAR
C0039,Arjun More,arjun.more39@example.com,2026-01-20,PREMIUM
C0040,Ananya Patil,ananya.patil40@example.com,2025-05-31,PREMIUM
C0041,Rahul Pawar,rahul.pawar41@example.com,2025-01-02,VIP
C0042,Ishaan More,ishaan.more42@example.com,2026-01-26,REGULAR
C0043,Pooja Patil,pooja.patil43@example.com,2026-03-22,VIP
C0044,Kabir More,kabir.more44@example.com,2025-11-08,REGULAR
C0045,Rohan Singh,rohan.singh45@example.com,2026-01-26,REGULAR
C0046,Riya More,riya.more46@example.com,2026-04-16,REGULAR
C0047,Kavya Singh,kavya.singh47@example.com,2025-09-08,REGULAR
C0048,Arjun Singh,arjun.singh48@example.com,2026-03-26,PREMIUM
C0049,Pranav Sharma,pranav.sharma49@example.com,2025-05-04,VIP
C0050,Aditya Patil,aditya.patil50example.com,2026-01-10,PREMIUM
C0051,Aditya More,aditya.more51@example.com,2026-01-28,REGULAR
C0052,Rohan Pawar,rohan.pawar52@example.com,2026-04-30,VIP
C0053,Rahul Joshi,rahul.joshi53@example.com,2025-09-28,VIP
C0054,Aditi Kulkarni,aditi.kulkarni54@example.com,2026-04-21,VIP
C0055,Karan Joshi,karan.joshi55@example.com,2025-07-24,VIP
C0056,Diya Pawar,diya.pawar56@example.com,2026-04-06,VIP
C0057,Sneha Patil,sneha.patil57@example.com,2025-05-07,REGULAR
C0058,Aditya Singh,aditya.singh58@example.com,2025-01-11,VIP
C0059,Riya Kulkarni,riya.kulkarni59@example.com,2025-10-29,REGULAR
C0060,Aarav Patil,aarav.patil60@example.com,2025-12-29,VIP
C0061,Vivaan Kulkarni,vivaan.kulkarni61@example.com,2025-02-04,REGULAR
C0062,Ananya Patil,ananya.patil62@example.com,2025-09-21,REGULAR
C0063,Ishaan Pawar,ishaan.pawar63@example.com,2025-04-20,VIP
C0064,Rohan Jadhav,rohan.jadhav64@example.com,2025-10-23,PREMIUM
C0065,Pranav Pawar,pranav.pawar65@example.com,2026-02-18,PREMIUM
C0066,Karan Patil,karan.patil66@example.com,2025-02-19,VIP
C0067,Aditi Singh,aditi.singh67@example.com,2025-08-05,PREMIUM
C0068,Sneha Sharma,sneha.sharma68@example.com,2025-12-11,VIP
C0069,Arjun Sharma,arjun.sharma69@example.com,2025-07-26,VIP
C0070,Ananya Patil,ananya.patil70@example.com,2025-05-08,REGULAR
C0071,Karan More,karan.more71@example.com,2025-08-18,REGULAR
C0072,Aditi Deshmukh,aditi.deshmukh72@example.com,2025-05-23,PREMIUM
C0073,Pranav Patil,pranav.patil73@example.com,2025-08-15,VIP
C0074,Arjun Sharma,arjun.sharma74@example.com,2025-11-30,VIP
C0075,Aarav Patil,aarav.patil75@example.com,2026-04-20,REGULAR
C0076,Rahul Verma,rahul.verma76@example.com,2025-09-06,PREMIUM
C0077,Karan Verma,karan.verma77@example.com,2026-04-08,REGULAR
C0078,Rahul Verma,rahul.verma78@example.com,2025-01-02,PREMIUM
C0079,Ishaan Pawar,ishaan.pawar79@example.com,2025-05-27,PREMIUM
C0080,Riya Pawar,riya.pawar80@example.com,2025-03-21,REGULAR
C0081,Kabir Kulkarni,kabir.kulkarni81@example.com,2026-05-11,REGULAR
C0082,Nisha More,nisha.more82@example.com,2025-02-01,VIP
C0083,Ananya Sharma,ananya.sharma83@example.com,2025-01-26,VIP
C0084,Meera More,meera.more84@example.com,2026-04-16,VIP
C0085,Rahul Sharma,rahul.sharma85@example.com,2026-05-07,VIP
C0086,Aditya Deshmukh,aditya.deshmukh86@example.com,2025-02-05,VIP
C0087,Aditya Kulkarni,aditya.kulkarni87@example.com,2025-07-26,REGULAR
C0088,Nisha Kulkarni,nisha.kulkarni88@example.com,2025-10-24,VIP
C0089,Vivaan Jadhav,vivaan.jadhav89@example.com,2025-02-11,PREMIUM
C0090,Nisha Jadhav,nisha.jadhav90@example.com,2025-09-25,PREMIUM
C0091,Ishaan Kulkarni,ishaan.kulkarni91@example.com,2025-12-09,VIP
C0092,Ananya Kulkarni,ananya.kulkarni92@example.com,2025-05-16,PREMIUM
C0093,Rohan Joshi,rohan.joshi93@example.com,2025-08-23,PREMIUM
C0094,Aditya Sharma,aditya.sharma94@example.com,2025-08-23,VIP
C0095,Nisha Patil,nisha.patil95@example.com,2025-02-07,VIP
C0096,Karan More,karan.more96@example.com,2025-05-16,REGULAR
C0097,Diya Patil,diya.patil97@example.com,2026-03-27,REGULAR
C0098,Diya Joshi,diya.joshi98@example.com,2025-03-22,PREMIUM
C0099,Riya Joshi,riya.joshi99@example.com,2025-11-10,VIP
C0100,Pooja Sharma,pooja.sharma100example.com,2025-12-08,VIP
C0101,Kabir Patil,kabir.patil101@example.com,2026-04-26,REGULAR
C0102,Ishaan Patil,ishaan.patil102@example.com,2026-04-01,REGULAR
C0103,Riya Deshmukh,riya.deshmukh103@example.com,2025-05-20,PREMIUM
C0104,Kavya Kulkarni,kavya.kulkarni104@example.com,2026-01-03,PREMIUM
C0105,Karan Joshi,karan.joshi105@example.com,2025-09-16,PREMIUM
C0106,Ishaan Sharma,ishaan.sharma106@example.com,2025-02-17,VIP
C0107,Aditi Joshi,aditi.joshi107@example.com,2025-01-23,REGULAR
C0108,Ananya Deshmukh,ananya.deshmukh108@example.com,2025-11-23,PREMIUM
C0109,Rahul Pawar,rahul.pawar109@example.com,2025-10-10,VIP
C0110,Aditi More,aditi.more110@example.com,2025-01-05,REGULAR
C0111,Aditya Deshmukh,aditya.deshmukh111@example.com,2025-10-07,REGULAR
C0112,Diya Jadhav,diya.jadhav112@example.com,2025-10-10,REGULAR
C0113,Aditi Deshmukh,aditi.deshmukh113@example.com,2025-01-22,PREMIUM
C0114,Diya Sharma,diya.sharma114@example.com,2026-04-06,PREMIUM
C0115,Karan Kulkarni,karan.kulkarni115@example.com,2025-12-08,REGULAR
C0116,Diya More,diya.more116@example.com,2026-03-29,PREMIUM
C0117,Kavya Deshmukh,kavya.deshmukh117@example.com,2026-04-19,REGULAR
C0118,Rahul Deshmukh,rahul.deshmukh118@example.com,2026-03-28,PREMIUM
C0119,Aarav Deshmukh,aarav.deshmukh119@example.com,2026-01-13,PREMIUM
C0120,Aditi Kulkarni,aditi.kulkarni120@example.com,2025-05-17,REGULAR
C0121,Arjun Verma,arjun.verma121@example.com,2026-03-23,REGULAR
C0122,Meera Kulkarni,meera.kulkarni122@example.com,2025-04-13,PREMIUM
C0123,Diya Joshi,diya.joshi123@example.com,2026-02-25,REGULAR
C0124,Pranav Sharma,pranav.sharma124@example.com,2025-12-04,REGULAR
C0125,Isha Singh,isha.singh125@example.com,2025-05-23,REGULAR
C0126,Ishaan Singh,ishaan.singh126@example.com,2025-11-25,VIP
C0127,Isha More,isha.more127@example.com,2025-06-19,REGULAR
C0128,Arjun Joshi,arjun.joshi128@example.com,2025-04-02,VIP
C0129,Ishaan Sharma,ishaan.sharma129@example.com,2025-02-25,VIP
C0130,Aditi Singh,aditi.singh130@example.com,2026-01-09,PREMIUM
C0131,Aditi Jadhav,aditi.jadhav131@example.com,2025-09-19,REGULAR
C0132,Isha Jadhav,isha.jadhav132@example.com,2025-04-08,PREMIUM
C0133,Vivaan Verma,vivaan.verma133@example.com,2025-01-01,VIP
C0134,Riya Kulkarni,riya.kulkarni134@example.com,2025-07-06,PREMIUM
C0135,Aditya Singh,aditya.singh135@example.com,2025-11-16,PREMIUM
C0136,Arjun Joshi,arjun.joshi136@example.com,2025-09-17,PREMIUM
C0137,Aditi Singh,aditi.singh137@example.com,2025-07-26,VIP
C0138,Kabir More,kabir.more138@example.com,2025-03-07,REGULAR
C0139,Aditi Verma,aditi.verma139@example.com,2025-12-13,VIP
C0140,Rahul Jadhav,rahul.jadhav140@example.com,2025-10-19,PREMIUM
C0141,Isha More,isha.more141@example.com,2026-03-03,REGULAR
C0142,Kabir Joshi,kabir.joshi142@example.com,2025-04-18,PREMIUM
C0143,Nisha Jadhav,nisha.jadhav143@example.com,2025-12-02,PREMIUM
C0144,Sneha Pawar,sneha.pawar144@example.com,2025-08-15,VIP
C0145,Karan More,karan.more145@example.com,2025-08-31,VIP
C0146,Rahul Patil,rahul.patil146@example.com,2025-05-26,VIP
C0147,Kavya Singh,kavya.singh147@example.com,2025-02-17,REGULAR
C0148,Kabir Kulkarni,kabir.kulkarni148@example.com,2026-02-17,REGULAR
C0149,Rohan Sharma,rohan.sharma149@example.com,2025-01-24,REGULAR
C0150,Meera Jadhav,meera.jadhav150example.com,2026-03-12,REGULAR
C0151,Sneha Verma,sneha.verma151@example.com,2026-03-30,VIP
C0152,Nisha Kulkarni,nisha.kulkarni152@example.com,2026-01-03,VIP
C0153,Isha Pawar,isha.pawar153@example.com,2025-07-24,REGULAR
C0154,Rohan Sharma,rohan.sharma154@example.com,2026-04-03,REGULAR
C0155,Aditi Kulkarni,aditi.kulkarni155@example.com,2025-04-01,VIP
C0156,Pooja Pawar,pooja.pawar156@example.com,2025-01-26,VIP
C0157,Pranav Patil,pranav.patil157@example.com,2025-08-22,REGULAR
C0158,Sneha More,sneha.more158@example.com,2025-10-14,VIP
C0159,Ananya Pawar,ananya.pawar159@example.com,2025-11-10,VIP
C0160,Pooja Verma,pooja.verma160@example.com,2026-03-02,VIP
C0161,Sneha Deshmukh,sneha.deshmukh161@example.com,2026-01-16,PREMIUM
C0162,Sneha Joshi,sneha.joshi162@example.com,2026-01-20,REGULAR
C0163,Ishaan More,ishaan.more163@example.com,2025-09-06,VIP
C0164,Pranav Joshi,pranav.joshi164@example.com,2025-08-14,REGULAR
C0165,Kabir Kulkarni,kabir.kulkarni165@example.com,2025-05-20,PREMIUM
C0166,Ananya More,ananya.more166@example.com,2025-02-11,REGULAR
C0167,Rohan Kulkarni,rohan.kulkarni167@example.com,2025-07-16,VIP
C0168,Rohan Kulkarni,rohan.kulkarni168@example.com,2025-02-02,PREMIUM
C0169,Aditi Singh,aditi.singh169@example.com,2025-10-05,PREMIUM
C0170,Aditi Sharma,aditi.sharma170@example.com,2025-04-16,PREMIUM
C0171,Isha Jadhav,isha.jadhav171@example.com,2026-04-30,VIP
C0172,Aarav Jadhav,aarav.jadhav172@example.com,2025-07-14,PREMIUM
C0173,Aarav Singh,aarav.singh173@example.com,2025-06-02,PREMIUM
C0174,Aditi More,aditi.more174@example.com,2026-01-18,VIP
C0175,Riya Jadhav,riya.jadhav175@example.com,2026-04-05,REGULAR
C0176,Meera Kulkarni,meera.kulkarni176@example.com,2025-05-20,PREMIUM
C0177,Meera Sharma,meera.sharma177@example.com,2025-07-19,PREMIUM
C0178,Isha Deshmukh,isha.deshmukh178@example.com,2026-03-07,PREMIUM
C0179,Rohan Jadhav,rohan.jadhav179@example.com,2025-10-01,REGULAR
C0180,Isha Jadhav,isha.jadhav180@example.com,2025-10-16,VIP
C0181,Aarav Patil,aarav.patil181@example.com,2025-11-26,PREMIUM
C0182,Rohan Pawar,rohan.pawar182@example.com,2025-04-04,REGULAR
C0183,Ishaan Verma,ishaan.verma183@example.com,2025-06-17,REGULAR
C0184,Sneha Singh,sneha.singh184@example.com,2025-06-22,PREMIUM
C0185,Ishaan Verma,ishaan.verma185@example.com,2025-05-10,REGULAR
C0186,Meera Sharma,meera.sharma186@example.com,2026-01-19,VIP
C0187,Vivaan Singh,vivaan.singh187@example.com,2025-04-25,VIP
C0188,Aditya Sharma,aditya.sharma188@example.com,2026-01-22,REGULAR
C0189,Pranav Kulkarni,pranav.kulkarni189@example.com,2026-03-06,REGULAR
C0190,Kavya Deshmukh,kavya.deshmukh190@example.com,2025-05-03,REGULAR
C0191,Meera Patil,meera.patil191@example.com,2025-10-16,REGULAR
C0192,Sneha Joshi,sneha.joshi192@example.com,2026-01-28,PREMIUM
C0193,Rahul Jadhav,rahul.jadhav193@example.com,2025-11-07,VIP
C0194,Arjun Deshmukh,arjun.deshmukh194@example.com,2026-05-09,PREMIUM
C0195,Arjun Jadhav,arjun.jadhav195@example.com,2025-01-14,PREMIUM
C0196,Nisha Verma,nisha.verma196@example.com,2025-07-23,VIP
C0197,Karan Patil,karan.patil197@example.com,2025-10-31,VIP
C0198,Pranav Patil,pranav.patil198@example.com,2025-12-23,PREMIUM
C0199,Kavya Patil,kavya.patil199@example.com,2026-02-12,VIP
C0200,Vivaan Singh,vivaan.singh200example.com,2025-09-30,PREMIUM
C0201,Diya Patil,diya.patil201@example.com,2025-09-17,VIP
C0202,Ananya Sharma,ananya.sharma202@example.com,2026-03-11,PREMIUM
C0203,Meera Patil,meera.patil203@example.com,2025-08-10,PREMIUM
C0204,Sneha Deshmukh,sneha.deshmukh204@example.com,2025-08-11,REGULAR
C0205,Pooja Joshi,pooja.joshi205@example.com,2025-11-12,VIP
C0206,Meera Pawar,meera.pawar206@example.com,2025-08-12,VIP
C0207,Nisha Joshi,nisha.joshi207@example.com,2025-06-15,REGULAR
C0208,Aditya Joshi,aditya.joshi208@example.com,2026-03-28,PREMIUM
C0209,Pranav Pawar,pranav.pawar209@example.com,2025-10-19,VIP
C0210,Isha Singh,isha.singh210@example.com,2025-01-15,PREMIUM
C0211,Ananya Deshmukh,ananya.deshmukh211@example.com,2025-09-07,REGULAR
C0212,Diya Joshi,diya.joshi212@example.com,2025-06-24,PREMIUM
C0213,Kavya Joshi,kavya.joshi213@example.com,2025-10-12,REGULAR
C0214,Pooja Kulkarni,pooja.kulkarni214@example.com,2025-02-13,REGULAR
C0215,Aditi Pawar,aditi.pawar215@example.com,2025-10-12,REGULAR
C0216,Meera Pawar,meera.pawar216@example.com,2025-08-18,REGULAR
C0217,Aditya Joshi,aditya.joshi217@example.com,2025-04-24,PREMIUM
C0218,Pranav Joshi,pranav.joshi218@example.com,2025-12-06,VIP
C0219,Diya Pawar,diya.pawar219@example.com,2025-10-11,VIP
C0220,Diya Verma,diya.verma220@example.com,2026-01-17,VIP
C0221,Ananya Singh,ananya.singh221@example.com,2025-12-26,PREMIUM
C0222,Ishaan Joshi,ishaan.joshi222@example.com,2025-05-09,REGULAR
C0223,Arjun Kulkarni,arjun.kulkarni223@example.com,2025-06-11,REGULAR
C0224,Riya Deshmukh,riya.deshmukh224@example.com,2025-04-09,REGULAR
C0225,Meera Joshi,meera.joshi225@example.com,2026-01-06,VIP
C0226,Pooja Jadhav,pooja.jadhav226@example.com,2025-05-25,REGULAR
C0227,Karan Joshi,karan.joshi227@example.com,2025-04-27,PREMIUM
C0228,Rahul Joshi,rahul.joshi228@example.com,2025-01-08,VIP
C0229,Riya Deshmukh,riya.deshmukh229@example.com,2025-05-21,REGULAR
C0230,Vivaan More,vivaan.more230@example.com,2025-05-30,VIP
C0231,Rohan Pawar,rohan.pawar231@example.com,2025-02-22,REGULAR
C0232,Nisha Joshi,nisha.joshi232@example.com,2025-08-29,PREMIUM
C0233,Sneha Singh,sneha.singh233@example.com,2025-04-05,REGULAR
C0234,Ishaan Pawar,ishaan.pawar234@example.com,2025-02-28,REGULAR
C0235,Isha Pawar,isha.pawar235@example.com,2025-02-07,VIP
C0236,Vivaan Deshmukh,vivaan.deshmukh236@example.com,2025-03-18,VIP
C0237,Kabir Patil,kabir.patil237@example.com,2025-05-08,REGULAR
C0238,Riya Verma,riya.verma238@example.com,2025-11-07,VIP
C0239,Kavya Kulkarni,kavya.kulkarni239@example.com,2026-02-02,VIP
C0240,Isha Pawar,isha.pawar240@example.com,2026-04-11,PREMIUM
C0241,Kabir Jadhav,kabir.jadhav241@example.com,2025-08-08,PREMIUM
C0242,Nisha Jadhav,nisha.jadhav242@example.com,2025-01-31,VIP
C0243,Arjun Kulkarni,arjun.kulkarni243@example.com,2025-11-17,REGULAR
C0244,Ishaan Patil,ishaan.patil244@example.com,2025-03-22,REGULAR
C0245,Rahul More,rahul.more245@example.com,2025-02-08,REGULAR
C0246,Aarav Verma,aarav.verma246@example.com,2025-08-19,VIP
C0247,Kavya Pawar,kavya.pawar247@example.com,2025-05-30,REGULAR
C0248,Pranav Joshi,pranav.joshi248@example.com,2025-12-28,PREMIUM
C0249,Sneha Patil,sneha.patil249@example.com,2025-12-18,REGULAR
C0250,Ishaan Jadhav,ishaan.jadhav250example.com,2025-12-05,REGULAR
C0251,Aditi Patil,aditi.patil251@example.com,2025-10-06,REGULAR
C0252,Rohan Joshi,rohan.joshi252@example.com,2026-02-28,REGULAR
C0253,Aditya Sharma,aditya.sharma253@example.com,2025-03-26,PREMIUM
C0254,Kavya Jadhav,kavya.jadhav254@example.com,2026-04-17,PREMIUM
C0255,Sneha Patil,sneha.patil255@example.com,2025-08-28,VIP
C0256,Kabir Verma,kabir.verma256@example.com,2026-04-28,PREMIUM
C0257,Pooja More,pooja.more257@example.com,2025-09-10,PREMIUM
C0258,Aditya Jadhav,aditya.jadhav258@example.com,2025-01-21,PREMIUM
C0259,Ananya Jadhav,ananya.jadhav259@example.com,2025-05-09,REGULAR
C0260,Aditya Kulkarni,aditya.kulkarni260@example.com,2026-05-08,VIP
C0261,Nisha Jadhav,nisha.jadhav261@example.com,2026-05-02,REGULAR
C0262,Ishaan Jadhav,ishaan.jadhav262@example.com,2025-01-21,REGULAR
C0263,Meera More,meera.more263@example.com,2025-11-30,PREMIUM
C0264,Ishaan Deshmukh,ishaan.deshmukh264@example.com,2025-10-27,PREMIUM
C0265,Meera Patil,meera.patil265@example.com,2025-08-29,PREMIUM
C0266,Aditi Singh,aditi.singh266@example.com,2025-06-14,VIP
C0267,Arjun Deshmukh,arjun.deshmukh267@example.com,2025-06-18,PREMIUM
C0268,Meera Joshi,meera.joshi268@example.com,2025-12-06,PREMIUM
C0269,Riya Sharma,riya.sharma269@example.com,2025-08-21,REGULAR
C0270,Ananya Joshi,ananya.joshi270@example.com,2025-06-15,REGULAR
C0271,Isha More,isha.more271@example.com,2026-02-27,REGULAR
C0272,Riya Pawar,riya.pawar272@example.com,2025-07-31,REGULAR
C0273,Karan More,karan.more273@example.com,2025-07-05,VIP
C0274,Meera Pawar,meera.pawar274@example.com,2026-01-25,REGULAR
C0275,Karan Joshi,karan.joshi275@example.com,2025-10-09,REGULAR
C0276,Kabir Pawar,kabir.pawar276@example.com,2026-03-27,VIP
C0277,Meera Patil,meera.patil277@example.com,2025-01-15,VIP
C0278,Kavya Kulkarni,kavya.kulkarni278@example.com,2025-12-30,REGULAR
C0279,Kabir More,kabir.more279@example.com,2025-01-08,VIP
C0280,Aditi Patil,aditi.patil280@example.com,2025-04-26,REGULAR
C0281,Sneha Patil,sneha.patil281@example.com,2025-11-28,REGULAR
C0282,Meera Joshi,meera.joshi282@example.com,2025-09-18,VIP
C0283,Ishaan Verma,ishaan.verma283@example.com,2026-03-04,PREMIUM
C0284,Meera Kulkarni,meera.kulkarni284@example.com,2025-08-22,VIP
C0285,Rohan Verma,rohan.verma285@example.com,2025-04-08,VIP
C0286,Pooja Deshmukh,pooja.deshmukh286@example.com,2026-03-19,REGULAR
C0287,Ishaan Verma,ishaan.verma287@example.com,2025-06-24,VIP
C0288,Ishaan Sharma,ishaan.sharma288@example.com,2025-05-25,VIP
C0289,Kabir Jadhav,kabir.jadhav289@example.com,2025-10-24,VIP
C0290,Meera Deshmukh,meera.deshmukh290@example.com,2025-08-17,VIP
C0291,Meera Singh,meera.singh291@example.com,2025-06-20,VIP
C0292,Riya Verma,riya.verma292@example.com,2025-08-22,PREMIUM
C0293,Karan Kulkarni,karan.kulkarni293@example.com,2025-10-20,PREMIUM
C0294,Pranav Verma,pranav.verma294@example.com,2025-01-23,PREMIUM
C0295,Meera Verma,meera.verma295@example.com,2025-07-17,VIP
C0296,Rohan Pawar,rohan.pawar296@example.com,2026-05-09,REGULAR
C0297,Rohan More,rohan.more297@example.com,2026-05-10,VIP
C0298,Ananya Patil,ananya.patil298@example.com,2026-03-24,PREMIUM
C0299,Arjun More,arjun.more299@example.com,2026-04-12,PREMIUM
C0300,Aarav Deshmukh,aarav.deshmukh300example.com,2025-07-29,VIP
C0301,Rohan Patil,rohan.patil301@example.com,2025-08-29,PREMIUM
C0302,Ananya Jadhav,ananya.jadhav302@example.com,2025-12-21,PREMIUM
C0303,Aditya Singh,aditya.singh303@example.com,2026-03-13,VIP
C0304,Riya Verma,riya.verma304@example.com,2026-05-04,PREMIUM
C0305,Meera More,meera.more305@example.com,2025-01-19,VIP
C0306,Aditya Kulkarni,aditya.kulkarni306@example.com,2025-11-20,VIP
C0307,Kabir Kulkarni,kabir.kulkarni307@example.com,2026-01-18,REGULAR
C0308,Aditi Patil,aditi.patil308@example.com,2026-01-25,VIP
C0309,Arjun Pawar,arjun.pawar309@example.com,2025-03-27,VIP
C0310,Kabir Sharma,kabir.sharma310@example.com,2025-01-24,PREMIUM
C0311,Vivaan Joshi,vivaan.joshi311@example.com,2025-07-03,PREMIUM
C0312,Aditi Deshmukh,aditi.deshmukh312@example.com,2025-05-06,VIP
C0313,Aditi Jadhav,aditi.jadhav313@example.com,2025-12-16,REGULAR
C0314,Rahul Deshmukh,rahul.deshmukh314@example.com,2025-02-10,VIP
C0315,Isha Jadhav,isha.jadhav315@example.com,2025-12-16,REGULAR
C0316,Meera Jadhav,meera.jadhav316@example.com,2025-03-15,REGULAR
C0317,Sneha Joshi,sneha.joshi317@example.com,2025-08-24,PREMIUM
C0318,Aarav Pawar,aarav.pawar318@example.com,2026-04-07,PREMIUM
C0319,Riya Deshmukh,riya.deshmukh319@example.com,2025-02-07,PREMIUM
C0320,Diya Jadhav,diya.jadhav320@example.com,2025-06-03,VIP
C0321,Aditi Joshi,aditi.joshi321@example.com,2025-08-22,PREMIUM
C0322,Karan Verma,karan.verma322@example.com,2026-03-13,PREMIUM
C0323,Arjun Kulkarni,arjun.kulkarni323@example.com,2025-07-15,VIP
C0324,Diya Jadhav,diya.jadhav324@example.com,2025-06-01,VIP
C0325,Kabir Sharma,kabir.sharma325@example.com,2026-05-16,VIP
C0326,Isha Joshi,isha.joshi326@example.com,2025-01-05,VIP
C0327,Vivaan Jadhav,vivaan.jadhav327@example.com,2026-01-17,PREMIUM
C0328,Kabir Kulkarni,kabir.kulkarni328@example.com,2025-11-07,PREMIUM
C0329,Pranav Kulkarni,pranav.kulkarni329@example.com,2025-11-14,PREMIUM
C0330,Rohan Patil,rohan.patil330@example.com,2026-04-08,VIP
C0331,Vivaan Joshi,vivaan.joshi331@example.com,2026-02-08,PREMIUM
C0332,Vivaan Jadhav,vivaan.jadhav332@example.com,2025-07-06,VIP
C0333,Rohan Patil,rohan.patil333@example.com,2026-04-11,PREMIUM
C0334,Ananya Verma,ananya.verma334@example.com,2025-03-31,REGULAR
C0335,Rohan More,rohan.more335@example.com,2026-03-25,PREMIUM
C0336,Pooja More,pooja.more336@example.com,2026-04-13,PREMIUM
C0337,Rahul Joshi,rahul.joshi337@example.com,2026-04-13,PREMIUM
C0338,Kabir Singh,kabir.singh338@example.com,2026-02-16,REGULAR
C0339,Sneha Patil,sneha.patil339@example.com,2025-03-14,REGULAR
C0340,Isha More,isha.more340@example.com,2025-07-07,REGULAR
C0341,Isha Sharma,isha.sharma341@example.com,2025-05-16,VIP
C0342,Arjun Pawar,arjun.pawar342@example.com,2025-07-08,VIP
C0343,Ishaan Jadhav,ishaan.jadhav343@example.com,2025-07-15,VIP
C0344,Diya Patil,diya.patil344@example.com,2025-12-12,REGULAR
C0345,Meera Sharma,meera.sharma345@example.com,2025-11-14,VIP
C0346,Ananya Jadhav,ananya.jadhav346@example.com,2025-04-24,VIP
C0347,Aditya Pawar,aditya.pawar347@example.com,2026-04-11,VIP
C0348,Kabir Verma,kabir.verma348@example.com,2025-03-01,REGULAR
C0349,Vivaan Sharma,vivaan.sharma349@example.com,2025-06-05,PREMIUM
C0350,Arjun Patil,arjun.patil350example.com,2025-05-01,VIP
C0351,Rohan Verma,rohan.verma351@example.com,2025-08-21,PREMIUM
C0352,Riya Verma,riya.verma352@example.com,2025-10-28,VIP
C0353,Rohan Verma,rohan.verma353@example.com,2025-12-02,REGULAR
C0354,Meera Jadhav,meera.jadhav354@example.com,2025-07-28,PREMIUM
C0355,Vivaan Singh,vivaan.singh355@example.com,2025-04-22,PREMIUM
C0356,Sneha Kulkarni,sneha.kulkarni356@example.com,2026-03-14,PREMIUM
C0357,Arjun Singh,arjun.singh357@example.com,2025-10-06,VIP
C0358,Diya Sharma,diya.sharma358@example.com,2025-07-23,PREMIUM
C0359,Karan Patil,karan.patil359@example.com,2026-05-01,PREMIUM
C0360,Aditya Kulkarni,aditya.kulkarni360@example.com,2025-11-25,VIP
C0361,Kavya Sharma,kavya.sharma361@example.com,2025-01-26,PREMIUM
C0362,Pranav Deshmukh,pranav.deshmukh362@example.com,2026-02-07,VIP
C0363,Karan Patil,karan.patil363@example.com,2026-03-01,VIP
C0364,Karan Jadhav,karan.jadhav364@example.com,2025-04-21,REGULAR
C0365,Ananya Deshmukh,ananya.deshmukh365@example.com,2026-02-08,VIP
C0366,Aarav Joshi,aarav.joshi366@example.com,2026-03-16,REGULAR
C0367,Rohan More,rohan.more367@example.com,2025-05-09,REGULAR
C0368,Arjun Sharma,arjun.sharma368@example.com,2025-03-09,REGULAR
C0369,Diya Kulkarni,diya.kulkarni369@example.com,2025-10-29,PREMIUM
C0370,Aarav Deshmukh,aarav.deshmukh370@example.com,2025-05-16,REGULAR
C0371,Rohan Verma,rohan.verma371@example.com,2025-09-27,REGULAR
C0372,Aditya Pawar,aditya.pawar372@example.com,2025-08-18,PREMIUM
C0373,Pooja Jadhav,pooja.jadhav373@example.com,2025-02-25,PREMIUM
C0374,Pooja Kulkarni,pooja.kulkarni374@example.com,2026-04-30,VIP
C0375,Vivaan More,vivaan.more375@example.com,2025-06-04,PREMIUM
C0376,Aarav Sharma,aarav.sharma376@example.com,2025-09-03,PREMIUM
C0377,Aditi Patil,aditi.patil377@example.com,2025-09-09,VIP
C0378,Sneha Patil,sneha.patil378@example.com,2026-04-06,REGULAR
C0379,Ananya Jadhav,ananya.jadhav379@example.com,2025-03-17,REGULAR
C0380,Rohan Joshi,rohan.joshi380@example.com,2025-11-16,VIP
C0381,Nisha More,nisha.more381@example.com,2025-12-31,PREMIUM
C0382,Isha Jadhav,isha.jadhav382@example.com,2025-09-29,PREMIUM
C0383,Sneha More,sneha.more383@example.com,2025-11-06,PREMIUM
C0384,Arjun Patil,arjun.patil384@example.com,2026-03-13,VIP
C0385,Riya Kulkarni,riya.kulkarni385@example.com,2025-08-09,PREMIUM
C0386,Pranav Verma,pranav.verma386@example.com,2025-06-23,PREMIUM
C0387,Isha Verma,isha.verma387@example.com,2026-01-09,REGULAR
C0388,Ananya Verma,ananya.verma388@example.com,2025-06-10,VIP
C0389,Ishaan Singh,ishaan.singh389@example.com,2026-05-04,REGULAR
C0390,Meera Patil,meera.patil390@example.com,2025-02-16,REGULAR
C0391,Aditya Verma,aditya.verma391@example.com,2025-02-19,VIP
C0392,Diya Deshmukh,diya.deshmukh392@example.com,2025-10-12,REGULAR
C0393,Nisha More,nisha.more393@example.com,2025-10-15,PREMIUM
C0394,Arjun Verma,arjun.verma394@example.com,2025-07-01,VIP
C0395,Aditi Sharma,aditi.sharma395@example.com,2026-05-11,PREMIUM
C0396,Kavya Joshi,kavya.joshi396@example.com,2025-06-30,REGULAR
C0397,Nisha More,nisha.more397@example.com,2025-04-19,REGULAR
C0398,Meera Kulkarni,meera.kulkarni398@example.com,2026-03-10,REGULAR
C0399,Diya More,diya.more399@example.com,2025-07-08,REGULAR
C0400,Ishaan Jadhav,ishaan.jadhav400example.com,2025-04-26,PREMIUM
C0401,Riya Jadhav,riya.jadhav401@example.com,2025-11-11,VIP
C0402,Riya Sharma,riya.sharma402@example.com,2025-11-08,VIP
C0403,Ishaan Sharma,ishaan.sharma403@example.com,2025-04-03,PREMIUM
C0404,Kabir Singh,kabir.singh404@example.com,2025-06-29,REGULAR
C0405,Rahul Deshmukh,rahul.deshmukh405@example.com,2025-10-17,VIP
C0406,Isha Patil,isha.patil406@example.com,2025-03-14,VIP
C0407,Aarav Patil,aarav.patil407@example.com,2026-01-18,VIP
C0408,Karan Verma,karan.verma408@example.com,2025-08-03,PREMIUM
C0409,Ananya Deshmukh,ananya.deshmukh409@example.com,2025-07-09,PREMIUM
C0410,Ananya Jadhav,ananya.jadhav410@example.com,2025-11-02,REGULAR
C0411,Vivaan Deshmukh,vivaan.deshmukh411@example.com,2025-03-22,VIP
C0412,Vivaan Patil,vivaan.patil412@example.com,2025-05-20,PREMIUM
C0413,Aditi Pawar,aditi.pawar413@example.com,2025-11-07,PREMIUM
C0414,Aditi Joshi,aditi.joshi414@example.com,2025-04-21,VIP
C0415,Arjun Singh,arjun.singh415@example.com,2025-08-09,REGULAR
C0416,Kabir Jadhav,kabir.jadhav416@example.com,2025-09-07,VIP
C0417,Kabir Sharma,kabir.sharma417@example.com,2025-04-23,PREMIUM
C0418,Kavya Sharma,kavya.sharma418@example.com,2025-01-04,REGULAR
C0419,Kabir Kulkarni,kabir.kulkarni419@example.com,2026-01-28,REGULAR
C0420,Ishaan Joshi,ishaan.joshi420@example.com,2025-06-17,REGULAR
C0421,Aarav Pawar,aarav.pawar421@example.com,2026-01-18,PREMIUM
C0422,Rahul Deshmukh,rahul.deshmukh422@example.com,2025-07-14,VIP
C0423,Pranav More,pranav.more423@example.com,2025-10-14,VIP
C0424,Diya Patil,diya.patil424@example.com,2025-07-23,VIP
C0425,Vivaan Verma,vivaan.verma425@example.com,2025-01-10,PREMIUM
C0426,Aditya Singh,aditya.singh426@example.com,2025-10-22,PREMIUM
C0427,Nisha Verma,nisha.verma427@example.com,2025-12-30,VIP
C0428,Aditi Joshi,aditi.joshi428@example.com,2025-02-28,PREMIUM
C0429,Aarav Singh,aarav.singh429@example.com,2025-03-29,VIP
C0430,Sneha Singh,sneha.singh430@example.com,2025-02-15,PREMIUM
C0431,Arjun Kulkarni,arjun.kulkarni431@example.com,2025-08-12,VIP
C0432,Isha More,isha.more432@example.com,2025-02-10,PREMIUM
C0433,Kabir Singh,kabir.singh433@example.com,2025-04-24,PREMIUM
C0434,Rahul Patil,rahul.patil434@example.com,2025-09-19,VIP
C0435,Arjun More,arjun.more435@example.com,2025-09-19,REGULAR
C0436,Diya Singh,diya.singh436@example.com,2026-01-08,VIP
C0437,Rohan Kulkarni,rohan.kulkarni437@example.com,2025-02-22,REGULAR
C0438,Ishaan Kulkarni,ishaan.kulkarni438@example.com,2025-03-30,VIP
C0439,Rohan Patil,rohan.patil439@example.com,2025-04-01,VIP
C0440,Meera Pawar,meera.pawar440@example.com,2026-01-22,VIP
C0441,Nisha Pawar,nisha.pawar441@example.com,2025-12-15,VIP
C0442,Kavya Singh,kavya.singh442@example.com,2026-03-19,VIP
C0443,Ananya Deshmukh,ananya.deshmukh443@example.com,2025-08-14,REGULAR
C0444,Meera Pawar,meera.pawar444@example.com,2025-11-20,PREMIUM
C0445,Ishaan Jadhav,ishaan.jadhav445@example.com,2025-01-29,PREMIUM
C0446,Pooja Patil,pooja.patil446@example.com,2025-06-08,PREMIUM
C0447,Sneha Sharma,sneha.sharma447@example.com,2025-01-30,PREMIUM
C0448,Kabir Patil,kabir.patil448@example.com,2025-11-27,REGULAR
C0449,Kavya Jadhav,kavya.jadhav449@example.com,2025-09-17,PREMIUM
C0450,Sneha Jadhav,sneha.jadhav450example.com,2025-10-11,VIP
C0451,Vivaan Pawar,vivaan.pawar451@example.com,2026-04-11,VIP
C0452,Karan Singh,karan.singh452@example.com,2025-11-06,PREMIUM
C0453,Pooja Deshmukh,pooja.deshmukh453@example.com,2026-05-06,REGULAR
C0454,Sneha Patil,sneha.patil454@example.com,2026-02-20,PREMIUM
C0455,Aditya More,aditya.more455@example.com,2025-11-27,REGULAR
C0456,Vivaan Kulkarni,vivaan.kulkarni456@example.com,2025-12-29,PREMIUM
C0457,Sneha More,sneha.more457@example.com,2025-09-25,VIP
C0458,Rahul Singh,rahul.singh458@example.com,2025-07-10,PREMIUM
C0459,Isha Verma,isha.verma459@example.com,2026-02-01,PREMIUM
C0460,Kavya Sharma,kavya.sharma460@example.com,2026-02-09,VIP
C0461,Ananya Patil,ananya.patil461@example.com,2025-06-18,REGULAR
C0462,Riya Verma,riya.verma462@example.com,2025-05-26,PREMIUM
C0463,Kavya Deshmukh,kavya.deshmukh463@example.com,2025-06-20,REGULAR
C0464,Nisha Deshmukh,nisha.deshmukh464@example.com,2026-04-15,PREMIUM
C0465,Kabir Verma,kabir.verma465@example.com,2025-03-08,VIP
C0466,Aditya Joshi,aditya.joshi466@example.com,2025-10-14,PREMIUM
C0467,Ananya Deshmukh,ananya.deshmukh467@example.com,2025-12-10,VIP
C0468,Pooja Patil,pooja.patil468@example.com,2025-11-27,VIP
C0469,Aditi More,aditi.more469@example.com,2025-07-05,REGULAR
C0470,Diya Joshi,diya.joshi470@example.com,2025-04-03,REGULAR
C0471,Ananya Pawar,ananya.pawar471@example.com,2025-04-09,REGULAR
C0472,Rohan Deshmukh,rohan.deshmukh472@example.com,2025-02-09,PREMIUM
C0473,Arjun More,arjun.more473@example.com,2026-01-30,VIP
C0474,Pooja Sharma,pooja.sharma474@example.com,2025-12-05,PREMIUM
C0475,Kavya Deshmukh,kavya.deshmukh475@example.com,2025-11-02,PREMIUM
C0476,Rohan Deshmukh,rohan.deshmukh476@example.com,2025-04-03,VIP
C0477,Kavya Deshmukh,kavya.deshmukh477@example.com,2026-01-05,PREMIUM
C0478,Vivaan Verma,vivaan.verma478@example.com,2025-07-06,VIP
C0479,Pranav Pawar,pranav.pawar479@example.com,2025-11-09,PREMIUM
C0480,Sneha Kulkarni,sneha.kulkarni480@example.com,2025-10-01,REGULAR
C0481,Kabir Pawar,kabir.pawar481@example.com,2026-04-08,REGULAR
C0482,Diya Jadhav,diya.jadhav482@example.com,2025-08-14,PREMIUM
C0483,Kabir Verma,kabir.verma483@example.com,2025-09-15,VIP
C0484,Aditi Deshmukh,aditi.deshmukh484@example.com,2026-02-23,REGULAR
C0485,Kavya Deshmukh,kavya.deshmukh485@example.com,2026-03-23,PREMIUM
C0486,Vivaan Pawar,vivaan.pawar486@example.com,2026-03-24,PREMIUM
C0487,Riya Patil,riya.patil487@example.com,2025-12-31,VIP
C0488,Arjun Joshi,arjun.joshi488@example.com,2025-02-12,REGULAR
C0489,Ishaan Pawar,ishaan.pawar489@example.com,2026-04-09,VIP
C0490,Rohan Verma,rohan.verma490@example.com,2025-02-16,REGULAR
C0491,Sneha Singh,sneha.singh491@example.com,2026-04-22,REGULAR
C0492,Aditi Sharma,aditi.sharma492@example.com,2025-07-22,VIP
C0493,Diya Kulkarni,diya.kulkarni493@example.com,2025-07-17,REGULAR
C0494,Diya Kulkarni,diya.kulkarni494@example.com,2025-01-15,PREMIUM
C0495,Arjun Singh,arjun.singh495@example.com,2026-02-10,REGULAR
C0496,Rohan Sharma,rohan.sharma496@example.com,2025-05-27,PREMIUM
C0497,Rohan Pawar,rohan.pawar497@example.com,2025-08-18,VIP
C0498,Aarav Patil,aarav.patil498@example.com,2025-01-10,PREMIUM
C0499,Karan Deshmukh,karan.deshmukh499@example.com,2025-10-08,VIP
C0500,Kavya More,kavya.more500example.com,2025-08-05,REGULAR
C0501,Kabir Kulkarni,kabir.kulkarni501@example.com,2025-06-04,REGULAR
C0502,Vivaan Kulkarni,vivaan.kulkarni502@example.com,2025-08-03,VIP
C0503,Kavya Pawar,kavya.pawar503@example.com,2025-02-02,REGULAR
C0504,Meera Jadhav,meera.jadhav504@example.com,2025-10-02,REGULAR
C0505,Pooja Jadhav,pooja.jadhav505@example.com,2025-05-04,VIP
C0506,Rohan Joshi,rohan.joshi506@example.com,2025-08-08,REGULAR
C0507,Kavya Singh,kavya.singh507@example.com,2025-05-04,VIP
C0508,Aditi Deshmukh,aditi.deshmukh508@example.com,2025-12-07,VIP
C0509,Aditya More,aditya.more509@example.com,2026-05-15,PREMIUM
C0510,Aditya More,aditya.more510@example.com,2025-10-06,VIP
C0511,Pooja More,pooja.more511@example.com,2025-01-11,PREMIUM
C0512,Meera Sharma,meera.sharma512@example.com,2025-11-22,PREMIUM
C0513,Diya Joshi,diya.joshi513@example.com,2026-01-18,REGULAR
C0514,Diya Patil,diya.patil514@example.com,2025-06-26,REGULAR
C0515,Arjun Jadhav,arjun.jadhav515@example.com,2026-01-12,PREMIUM
C0516,Rohan Sharma,rohan.sharma516@example.com,2025-06-30,VIP
C0517,Ananya Deshmukh,ananya.deshmukh517@example.com,2026-03-02,VIP
C0518,Sneha Pawar,sneha.pawar518@example.com,2025-11-20,REGULAR
C0519,Rohan Patil,rohan.patil519@example.com,2026-01-02,PREMIUM
C0520,Vivaan Joshi,vivaan.joshi520@example.com,2025-04-14,REGULAR
C0521,Karan Sharma,karan.sharma521@example.com,2025-06-11,PREMIUM
C0522,Pooja Verma,pooja.verma522@example.com,2026-02-22,VIP
C0523,Meera Joshi,meera.joshi523@example.com,2025-01-19,VIP
C0524,Karan Joshi,karan.joshi524@example.com,2025-07-02,REGULAR
C0525,Ananya Joshi,ananya.joshi525@example.com,2025-03-05,PREMIUM
C0526,Aditi Verma,aditi.verma526@example.com,2026-01-16,PREMIUM
C0527,Isha Singh,isha.singh527@example.com,2026-05-14,REGULAR
C0528,Meera Pawar,meera.pawar528@example.com,2025-07-08,VIP
C0529,Ishaan Patil,ishaan.patil529@example.com,2026-01-08,PREMIUM
C0530,Aditya Verma,aditya.verma530@example.com,2025-11-05,REGULAR
C0531,Riya Joshi,riya.joshi531@example.com,2025-06-14,REGULAR
C0532,Aditya Singh,aditya.singh532@example.com,2025-12-05,PREMIUM
C0533,Kabir Pawar,kabir.pawar533@example.com,2025-11-05,VIP
C0534,Aditi Deshmukh,aditi.deshmukh534@example.com,2025-12-20,PREMIUM
C0535,Diya Pawar,diya.pawar535@example.com,2025-01-22,VIP
C0536,Diya Jadhav,diya.jadhav536@example.com,2025-08-11,PREMIUM
C0537,Vivaan Patil,vivaan.patil537@example.com,2025-12-10,VIP
C0538,Isha Singh,isha.singh538@example.com,2025-09-20,VIP
C0539,Rahul Sharma,rahul.sharma539@example.com,2025-03-15,VIP
C0540,Sneha Sharma,sneha.sharma540@example.com,2025-03-06,REGULAR
C0541,Pranav Singh,pranav.singh541@example.com,2025-07-05,PREMIUM
C0542,Nisha Sharma,nisha.sharma542@example.com,2025-11-06,REGULAR
C0543,Sneha Singh,sneha.singh543@example.com,2025-07-10,PREMIUM
C0544,Aditya Jadhav,aditya.jadhav544@example.com,2025-03-12,VIP
C0545,Diya Verma,diya.verma545@example.com,2025-06-10,VIP
C0546,Ishaan Kulkarni,ishaan.kulkarni546@example.com,2026-05-07,REGULAR
C0547,Aarav Deshmukh,aarav.deshmukh547@example.com,2025-09-13,VIP
C0548,Isha More,isha.more548@example.com,2025-03-02,PREMIUM
C0549,Ishaan Pawar,ishaan.pawar549@example.com,2025-04-20,VIP
C0550,Kabir Pawar,kabir.pawar550example.com,2025-04-13,REGULAR
C0551,Rohan Patil,rohan.patil551@example.com,2025-08-20,REGULAR
C0552,Sneha Patil,sneha.patil552@example.com,2026-02-19,VIP
C0553,Ananya Singh,ananya.singh553@example.com,2025-12-30,REGULAR
C0554,Riya More,riya.more554@example.com,2025-05-29,PREMIUM
C0555,Rahul Deshmukh,rahul.deshmukh555@example.com,2026-02-11,PREMIUM
C0556,Pooja Kulkarni,pooja.kulkarni556@example.com,2025-03-04,REGULAR
C0557,Rohan Kulkarni,rohan.kulkarni557@example.com,2026-02-09,PREMIUM
C0558,Aarav Singh,aarav.singh558@example.com,2025-10-11,VIP
C0559,Diya Pawar,diya.pawar559@example.com,2026-02-16,VIP
C0560,Rohan Jadhav,rohan.jadhav560@example.com,2026-03-29,REGULAR
C0561,Aditya Joshi,aditya.joshi561@example.com,2025-07-23,VIP
C0562,Meera More,meera.more562@example.com,2025-07-30,PREMIUM
C0563,Nisha Patil,nisha.patil563@example.com,2025-03-06,PREMIUM
C0564,Aditya Pawar,aditya.pawar564@example.com,2025-08-27,VIP
C0565,Pooja Singh,pooja.singh565@example.com,2025-03-07,VIP
C0566,Nisha Deshmukh,nisha.deshmukh566@example.com,2026-01-29,REGULAR
C0567,Aditi More,aditi.more567@example.com,2026-04-12,REGULAR
C0568,Arjun More,arjun.more568@example.com,2025-03-20,PREMIUM
C0569,Rahul Deshmukh,rahul.deshmukh569@example.com,2025-06-15,VIP
C0570,Pranav Singh,pranav.singh570@example.com,2026-05-01,VIP
C0571,Kabir Patil,kabir.patil571@example.com,2025-05-09,REGULAR
C0572,Riya Joshi,riya.joshi572@example.com,2025-03-06,VIP
C0573,Kabir Jadhav,kabir.jadhav573@example.com,2025-10-01,REGULAR
C0574,Pooja Deshmukh,pooja.deshmukh574@example.com,2025-10-31,VIP
C0575,Rohan Deshmukh,rohan.deshmukh575@example.com,2025-12-04,VIP
C0576,Kavya Singh,kavya.singh576@example.com,2026-03-08,VIP
C0577,Vivaan Sharma,vivaan.sharma577@example.com,2025-02-11,REGULAR
C0578,Nisha Joshi,nisha.joshi578@example.com,2025-11-30,REGULAR
C0579,Nisha Verma,nisha.verma579@example.com,2025-11-13,VIP
C0580,Aarav Pawar,aarav.pawar580@example.com,2026-04-01,VIP
C0581,Riya Joshi,riya.joshi581@example.com,2025-11-25,PREMIUM
C0582,Meera Kulkarni,meera.kulkarni582@example.com,2026-02-17,VIP
C0583,Isha Joshi,isha.joshi583@example.com,2025-08-21,REGULAR
C0584,Vivaan Deshmukh,vivaan.deshmukh584@example.com,2025-08-14,PREMIUM
C0585,Meera Pawar,meera.pawar585@example.com,2025-04-15,PREMIUM
C0586,Kavya Deshmukh,kavya.deshmukh586@example.com,2025-06-10,VIP
C0587,Ananya Singh,ananya.singh587@example.com,2026-05-15,PREMIUM
C0588,Rohan Singh,rohan.singh588@example.com,2025-09-21,VIP
C0589,Arjun Singh,arjun.singh589@example.com,2025-05-04,PREMIUM
C0590,Arjun Joshi,arjun.joshi590@example.com,2025-08-19,REGULAR
C0591,Rohan Patil,rohan.patil591@example.com,2025-01-26,PREMIUM
C0592,Isha Jadhav,isha.jadhav592@example.com,2025-08-03,REGULAR
C0593,Rahul Singh,rahul.singh593@example.com,2026-04-24,VIP
C0594,Ananya Kulkarni,ananya.kulkarni594@example.com,2026-01-26,REGULAR
C0595,Meera More,meera.more595@example.com,2025-08-28,PREMIUM
C0596,Kabir Pawar,kabir.pawar596@example.com,2025-01-12,REGULAR
C0597,Isha More,isha.more597@example.com,2025-08-23,REGULAR
C0598,Karan Jadhav,karan.jadhav598@example.com,2025-06-30,REGULAR
C0599,Vivaan Joshi,vivaan.joshi599@example.com,2025-09-11,VIP
C0600,Meera Joshi,meera.joshi600example.com,2025-10-02,REGULAR
C0601,Arjun Verma,arjun.verma601@example.com,2025-03-10,PREMIUM
C0602,Diya Verma,diya.verma602@example.com,2025-07-07,REGULAR
C0603,Isha Sharma,isha.sharma603@example.com,2025-10-19,VIP
C0604,Karan Singh,karan.singh604@example.com,2025-10-11,PREMIUM
C0605,Aditya Verma,aditya.verma605@example.com,2025-09-16,PREMIUM
C0606,Riya Joshi,riya.joshi606@example.com,2026-02-27,VIP
C0607,Kavya Patil,kavya.patil607@example.com,2025-03-07,REGULAR
C0608,Isha Singh,isha.singh608@example.com,2026-02-11,PREMIUM
C0609,Riya Singh,riya.singh609@example.com,2026-01-22,REGULAR
C0610,Karan Jadhav,karan.jadhav610@example.com,2025-09-18,PREMIUM
C0611,Pooja Sharma,pooja.sharma611@example.com,2025-01-24,REGULAR
C0612,Rohan Singh,rohan.singh612@example.com,2026-02-16,PREMIUM
C0613,Pooja Pawar,pooja.pawar613@example.com,2025-03-18,VIP
C0614,Pooja Deshmukh,pooja.deshmukh614@example.com,2025-06-17,VIP
C0615,Ananya Deshmukh,ananya.deshmukh615@example.com,2025-07-21,VIP
C0616,Kabir Jadhav,kabir.jadhav616@example.com,2025-06-22,VIP
C0617,Pooja More,pooja.more617@example.com,2025-09-08,VIP
C0618,Nisha Joshi,nisha.joshi618@example.com,2025-09-01,REGULAR
C0619,Diya Singh,diya.singh619@example.com,2025-12-11,REGULAR
C0620,Aditi Jadhav,aditi.jadhav620@example.com,2025-06-07,VIP
C0621,Aarav Jadhav,aarav.jadhav621@example.com,2025-08-31,PREMIUM
C0622,Nisha Jadhav,nisha.jadhav622@example.com,2025-04-27,VIP
C0623,Vivaan Jadhav,vivaan.jadhav623@example.com,2025-09-03,REGULAR
C0624,Pooja Jadhav,pooja.jadhav624@example.com,2026-02-01,PREMIUM
C0625,Rohan Kulkarni,rohan.kulkarni625@example.com,2025-01-17,VIP
C0626,Arjun Kulkarni,arjun.kulkarni626@example.com,2025-01-10,PREMIUM
C0627,Ananya Verma,ananya.verma627@example.com,2025-03-19,PREMIUM
C0628,Karan Verma,karan.verma628@example.com,2025-09-14,VIP
C0629,Meera Sharma,meera.sharma629@example.com,2025-12-28,REGULAR
C0630,Pooja Kulkarni,pooja.kulkarni630@example.com,2025-10-15,PREMIUM
C0631,Meera More,meera.more631@example.com,2025-07-12,PREMIUM
C0632,Rahul Pawar,rahul.pawar632@example.com,2026-04-13,VIP
C0633,Ananya More,ananya.more633@example.com,2025-07-01,VIP
C0634,Ishaan Jadhav,ishaan.jadhav634@example.com,2025-09-05,REGULAR
C0635,Pranav Joshi,pranav.joshi635@example.com,2025-10-13,PREMIUM
C0636,Pranav Joshi,pranav.joshi636@example.com,2026-01-30,PREMIUM
C0637,Karan Pawar,karan.pawar637@example.com,2025-06-12,PREMIUM
C0638,Diya More,diya.more638@example.com,2026-04-24,VIP
C0639,Ishaan Joshi,ishaan.joshi639@example.com,2025-03-04,VIP
C0640,Riya Verma,riya.verma640@example.com,2026-04-04,PREMIUM
C0641,Diya Deshmukh,diya.deshmukh641@example.com,2025-05-29,REGULAR
C0642,Kabir Patil,kabir.patil642@example.com,2025-06-27,PREMIUM
C0643,Ishaan Pawar,ishaan.pawar643@example.com,2025-04-20,REGULAR
C0644,Riya Joshi,riya.joshi644@example.com,2026-04-23,VIP
C0645,Ishaan Deshmukh,ishaan.deshmukh645@example.com,2025-02-25,VIP
C0646,Nisha Kulkarni,nisha.kulkarni646@example.com,2025-05-05,REGULAR
C0647,Pooja Kulkarni,pooja.kulkarni647@example.com,2025-11-23,REGULAR
C0648,Vivaan Patil,vivaan.patil648@example.com,2025-07-31,PREMIUM
C0649,Meera Patil,meera.patil649@example.com,2025-12-15,REGULAR
C0650,Aarav More,aarav.more650example.com,2026-05-16,REGULAR
